,league,date,home_team,away_team,home_goals,away_goals,odd_home,odd_draw,odd_away,odds_over25,odds_under25
0,E0,05/08/2022,Crystal Palace,Arsenal,0,2,,,,,
1,E0,06/08/2022,Fulham,Liverpool,2,2,,,,,
2,E0,06/08/2022,Bournemouth,Aston Villa,2,0,,,,,
3,E0,06/08/2022,Leeds,Wolves,2,1,,,,,
4,E0,06/08/2022,Newcastle,Nott'm Forest,2,0,,,,,
5,E0,06/08/2022,Tottenham,Southampton,4,1,,,,,
6,E0,06/08/2022,Everton,Chelsea,0,1,,,,,
7,E0,07/08/2022,Leicester,Brentford,2,2,,,,,
8,E0,07/08/2022,Man United,Brighton,1,2,,,,,
9,E0,07/08/2022,West Ham,Man City,0,2,,,,,
10,E0,13/08/2022,Aston Villa,Everton,2,1,,,,,
11,E0,13/08/2022,Arsenal,Leicester,4,2,,,,,
12,E0,13/08/2022,Brighton,Newcastle,0,0,,,,,
13,E0,13/08/2022,Man City,Bournemouth,4,0,,,,,
14,E0,13/08/2022,Southampton,Leeds,2,2,,,,,
15,E0,13/08/2022,Wolves,Fulham,0,0,,,,,
16,E0,13/08/2022,Brentford,Man United,4,0,,,,,
17,E0,14/08/2022,Nott'm Forest,West Ham,1,0,,,,,
18,E0,14/08/2022,Chelsea,Tottenham,2,2,,,,,
19,E0,15/08/2022,Liverpool,Crystal Palace,1,1,,,,,
20,E0,20/08/2022,Tottenham,Wolves,1,0,,,,,
21,E0,20/08/2022,Crystal Palace,Aston Villa,3,1,,,,,
22,E0,20/08/2022,Everton,Nott'm Forest,1,1,,,,,
23,E0,20/08/2022,Fulham,Brentford,3,2,,,,,
24,E0,20/08/2022,Leicester,Southampton,1,2,,,,,
25,E0,20/08/2022,Bournemouth,Arsenal,0,3,,,,,
26,E0,21/08/2022,Leeds,Chelsea,3,0,,,,,
27,E0,21/08/2022,West Ham,Brighton,0,2,,,,,
28,E0,21/08/2022,Newcastle,Man City,3,3,,,,,
29,E0,22/08/2022,Man United,Liverpool,2,1,,,,,
30,E0,27/08/2022,Southampton,Man United,0,1,,,,,
31,E0,27/08/2022,Brentford,Everton,1,1,,,,,
32,E0,27/08/2022,Brighton,Leeds,1,0,,,,,
33,E0,27/08/2022,Chelsea,Leicester,2,1,,,,,
34,E0,27/08/2022,Liverpool,Bournemouth,9,0,,,,,
35,E0,27/08/2022,Man City,Crystal Palace,4,2,,,,,
36,E0,27/08/2022,Arsenal,Fulham,2,1,,,,,
37,E0,28/08/2022,Aston Villa,West Ham,0,1,,,,,
38,E0,28/08/2022,Wolves,Newcastle,1,1,,,,,
39,E0,28/08/2022,Nott'm Forest,Tottenham,0,2,,,,,
40,E0,30/08/2022,Crystal Palace,Brentford,1,1,,,,,
41,E0,30/08/2022,Fulham,Brighton,2,1,,,,,
42,E0,30/08/2022,Southampton,Chelsea,2,1,,,,,
43,E0,30/08/2022,Leeds,Everton,1,1,,,,,
44,E0,31/08/2022,Arsenal,Aston Villa,2,1,,,,,
45,E0,31/08/2022,Bournemouth,Wolves,0,0,,,,,
46,E0,31/08/2022,Man City,Nott'm Forest,6,0,,,,,
47,E0,31/08/2022,West Ham,Tottenham,1,1,,,,,
48,E0,31/08/2022,Liverpool,Newcastle,2,1,,,,,
49,E0,01/09/2022,Leicester,Man United,0,1,,,,,
50,E0,03/09/2022,Everton,Liverpool,0,0,,,,,
51,E0,03/09/2022,Brentford,Leeds,5,2,,,,,
52,E0,03/09/2022,Chelsea,West Ham,2,1,,,,,
53,E0,03/09/2022,Newcastle,Crystal Palace,0,0,,,,,
54,E0,03/09/2022,Nott'm Forest,Bournemouth,2,3,,,,,
55,E0,03/09/2022,Tottenham,Fulham,2,1,,,,,
56,E0,03/09/2022,Wolves,Southampton,1,0,,,,,
57,E0,03/09/2022,Aston Villa,Man City,1,1,,,,,
58,E0,04/09/2022,Brighton,Leicester,5,2,,,,,
59,E0,04/09/2022,Man United,Arsenal,3,1,,,,,
60,E0,16/09/2022,Aston Villa,Southampton,1,0,,,,,
61,E0,16/09/2022,Nott'm Forest,Fulham,2,3,,,,,
62,E0,17/09/2022,Wolves,Man City,0,3,,,,,
63,E0,17/09/2022,Newcastle,Bournemouth,1,1,,,,,
64,E0,17/09/2022,Tottenham,Leicester,6,2,,,,,
65,E0,18/09/2022,Brentford,Arsenal,0,3,,,,,
66,E0,18/09/2022,Everton,West Ham,1,0,,,,,
67,E0,01/10/2022,Arsenal,Tottenham,3,1,,,,,
68,E0,01/10/2022,Bournemouth,Brentford,0,0,,,,,
69,E0,01/10/2022,Crystal Palace,Chelsea,1,2,,,,,
70,E0,01/10/2022,Fulham,Newcastle,1,4,,,,,
71,E0,01/10/2022,Liverpool,Brighton,3,3,,,,,
72,E0,01/10/2022,Southampton,Everton,1,2,,,,,
73,E0,01/10/2022,West Ham,Wolves,2,0,,,,,
74,E0,02/10/2022,Man City,Man United,6,3,,,,,
75,E0,02/10/2022,Leeds,Aston Villa,0,0,,,,,
76,E0,03/10/2022,Leicester,Nott'm Forest,4,0,,,,,
77,E0,08/10/2022,Bournemouth,Leicester,2,1,,,,,
78,E0,08/10/2022,Chelsea,Wolves,3,0,,,,,
79,E0,08/10/2022,Man City,Southampton,4,0,,,,,
80,E0,08/10/2022,Newcastle,Brentford,5,1,,,,,
81,E0,08/10/2022,Brighton,Tottenham,0,1,,,,,
82,E0,09/10/2022,Crystal Palace,Leeds,2,1,,,,,
83,E0,09/10/2022,West Ham,Fulham,3,1,,,,,
84,E0,09/10/2022,Arsenal,Liverpool,3,2,,,,,
85,E0,09/10/2022,Everton,Man United,1,2,,,,,
86,E0,10/10/2022,Nott'm Forest,Aston Villa,1,1,,,,,
87,E0,14/10/2022,Brentford,Brighton,2,0,,,,,
88,E0,15/10/2022,Leicester,Crystal Palace,0,0,,,,,
89,E0,15/10/2022,Fulham,Bournemouth,2,2,,,,,
90,E0,15/10/2022,Wolves,Nott'm Forest,1,0,,,,,
91,E0,15/10/2022,Tottenham,Everton,2,0,,,,,
92,E0,16/10/2022,Aston Villa,Chelsea,0,2,,,,,
93,E0,16/10/2022,Leeds,Arsenal,0,1,,,,,
94,E0,16/10/2022,Man United,Newcastle,0,0,,,,,
95,E0,16/10/2022,Southampton,West Ham,1,1,,,,,
96,E0,16/10/2022,Liverpool,Man City,1,0,,,,,
97,E0,18/10/2022,Brighton,Nott'm Forest,0,0,,,,,
98,E0,18/10/2022,Crystal Palace,Wolves,2,1,,,,,
99,E0,19/10/2022,Bournemouth,Southampton,0,1,,,,,
100,E0,19/10/2022,Brentford,Chelsea,0,0,,,,,
101,E0,19/10/2022,Liverpool,West Ham,1,0,,,,,
102,E0,19/10/2022,Newcastle,Everton,1,0,,,,,
103,E0,19/10/2022,Man United,Tottenham,2,0,,,,,
104,E0,20/10/2022,Fulham,Aston Villa,3,0,,,,,
105,E0,20/10/2022,Leicester,Leeds,2,0,,,,,
106,E0,22/10/2022,Nott'm Forest,Liverpool,1,0,,,,,
107,E0,22/10/2022,Everton,Crystal Palace,3,0,,,,,
108,E0,22/10/2022,Man City,Brighton,3,1,,,,,
109,E0,22/10/2022,Chelsea,Man United,1,1,,,,,
110,E0,23/10/2022,Aston Villa,Brentford,4,0,,,,,
111,E0,23/10/2022,Leeds,Fulham,2,3,,,,,
112,E0,23/10/2022,Southampton,Arsenal,1,1,,,,,
113,E0,23/10/2022,Wolves,Leicester,0,4,,,,,
114,E0,23/10/2022,Tottenham,Newcastle,1,2,,,,,
115,E0,24/10/2022,West Ham,Bournemouth,2,0,,,,,
116,E0,29/10/2022,Leicester,Man City,0,1,,,,,
117,E0,29/10/2022,Bournemouth,Tottenham,2,3,,,,,
118,E0,29/10/2022,Brentford,Wolves,1,1,,,,,
119,E0,29/10/2022,Brighton,Chelsea,4,1,,,,,
120,E0,29/10/2022,Crystal Palace,Southampton,1,0,,,,,
121,E0,29/10/2022,Newcastle,Aston Villa,4,0,,,,,
122,E0,29/10/2022,Fulham,Everton,0,0,,,,,
123,E0,29/10/2022,Liverpool,Leeds,1,2,,,,,
124,E0,30/10/2022,Arsenal,Nott'm Forest,5,0,,,,,
125,E0,30/10/2022,Man United,West Ham,1,0,,,,,
126,E0,05/11/2022,Leeds,Bournemouth,4,3,,,,,
127,E0,05/11/2022,Man City,Fulham,2,1,,,,,
128,E0,05/11/2022,Nott'm Forest,Brentford,2,2,,,,,
129,E0,05/11/2022,Wolves,Brighton,2,3,,,,,
130,E0,05/11/2022,Everton,Leicester,0,2,,,,,
131,E0,06/11/2022,Chelsea,Arsenal,0,1,,,,,
132,E0,06/11/2022,Aston Villa,Man United,3,1,,,,,
133,E0,06/11/2022,Southampton,Newcastle,1,4,,,,,
134,E0,06/11/2022,West Ham,Crystal Palace,1,2,,,,,
135,E0,06/11/2022,Tottenham,Liverpool,1,2,,,,,
136,E0,12/11/2022,Man City,Brentford,1,2,,,,,
137,E0,12/11/2022,Bournemouth,Everton,3,0,,,,,
138,E0,12/11/2022,Liverpool,Southampton,3,1,,,,,
139,E0,12/11/2022,Nott'm Forest,Crystal Palace,1,0,,,,,
140,E0,12/11/2022,Tottenham,Leeds,4,3,,,,,
141,E0,12/11/2022,West Ham,Leicester,0,2,,,,,
142,E0,12/11/2022,Newcastle,Chelsea,1,0,,,,,
143,E0,12/11/2022,Wolves,Arsenal,0,2,,,,,
144,E0,13/11/2022,Brighton,Aston Villa,1,2,,,,,
145,E0,13/11/2022,Fulham,Man United,1,2,,,,,
146,E0,26/12/2022,Brentford,Tottenham,2,2,,,,,
147,E0,26/12/2022,Crystal Palace,Fulham,0,3,,,,,
148,E0,26/12/2022,Everton,Wolves,1,2,,,,,
149,E0,26/12/2022,Leicester,Newcastle,0,3,,,,,
150,E0,26/12/2022,Southampton,Brighton,1,3,,,,,
151,E0,26/12/2022,Aston Villa,Liverpool,1,3,,,,,
152,E0,26/12/2022,Arsenal,West Ham,3,1,,,,,
153,E0,27/12/2022,Chelsea,Bournemouth,2,0,,,,,
154,E0,27/12/2022,Man United,Nott'm Forest,3,0,,,,,
155,E0,28/12/2022,Leeds,Man City,1,3,,,,,
156,E0,30/12/2022,West Ham,Brentford,0,2,,,,,
157,E0,30/12/2022,Liverpool,Leicester,2,1,,,,,
158,E0,31/12/2022,Wolves,Man United,0,1,,,,,
159,E0,31/12/2022,Bournemouth,Crystal Palace,0,2,,,,,
160,E0,31/12/2022,Fulham,Southampton,2,1,,,,,
161,E0,31/12/2022,Man City,Everton,1,1,,,,,
162,E0,31/12/2022,Newcastle,Leeds,0,0,,,,,
163,E0,31/12/2022,Brighton,Arsenal,2,4,,,,,
164,E0,01/01/2023,Tottenham,Aston Villa,0,2,,,,,
165,E0,01/01/2023,Nott'm Forest,Chelsea,1,1,,,,,
166,E0,02/01/2023,Brentford,Liverpool,3,1,,,,,
167,E0,03/01/2023,Arsenal,Newcastle,0,0,,,,,
168,E0,03/01/2023,Everton,Brighton,1,4,,,,,
169,E0,03/01/2023,Leicester,Fulham,0,1,,,,,
170,E0,03/01/2023,Man United,Bournemouth,3,0,,,,,
171,E0,04/01/2023,Southampton,Nott'm Forest,0,1,,,,,
172,E0,04/01/2023,Leeds,West Ham,2,2,,,,,
173,E0,04/01/2023,Aston Villa,Wolves,1,1,,,,,
174,E0,04/01/2023,Crystal Palace,Tottenham,0,4,,,,,
175,E0,05/01/2023,Chelsea,Man City,0,1,,,,,
176,E0,12/01/2023,Fulham,Chelsea,2,1,,,,,
177,E0,13/01/2023,Aston Villa,Leeds,2,1,,,,,
178,E0,14/01/2023,Man United,Man City,2,1,,,,,
179,E0,14/01/2023,Brighton,Liverpool,3,0,,,,,
180,E0,14/01/2023,Everton,Southampton,1,2,,,,,
181,E0,14/01/2023,Nott'm Forest,Leicester,2,0,,,,,
182,E0,14/01/2023,Wolves,West Ham,1,0,,,,,
183,E0,14/01/2023,Brentford,Bournemouth,2,0,,,,,
184,E0,15/01/2023,Chelsea,Crystal Palace,1,0,,,,,
185,E0,15/01/2023,Newcastle,Fulham,1,0,,,,,
186,E0,15/01/2023,Tottenham,Arsenal,0,2,,,,,
187,E0,18/01/2023,Crystal Palace,Man United,1,1,,,,,
188,E0,19/01/2023,Man City,Tottenham,4,2,,,,,
189,E0,21/01/2023,Liverpool,Chelsea,0,0,,,,,
190,E0,21/01/2023,Bournemouth,Nott'm Forest,1,1,,,,,
191,E0,21/01/2023,Leicester,Brighton,2,2,,,,,
192,E0,21/01/2023,Southampton,Aston Villa,0,1,,,,,
193,E0,21/01/2023,West Ham,Everton,2,0,,,,,
194,E0,21/01/2023,Crystal Palace,Newcastle,0,0,,,,,
195,E0,22/01/2023,Leeds,Brentford,0,0,,,,,
196,E0,22/01/2023,Man City,Wolves,3,0,,,,,
197,E0,22/01/2023,Arsenal,Man United,3,2,,,,,
198,E0,23/01/2023,Fulham,Tottenham,0,1,,,,,
199,E0,03/02/2023,Chelsea,Fulham,0,0,,,,,
200,E0,04/02/2023,Everton,Arsenal,1,0,,,,,
201,E0,04/02/2023,Aston Villa,Leicester,2,4,,,,,
202,E0,04/02/2023,Brentford,Southampton,3,0,,,,,
203,E0,04/02/2023,Brighton,Bournemouth,1,0,,,,,
204,E0,04/02/2023,Man United,Crystal Palace,2,1,,,,,
205,E0,04/02/2023,Wolves,Liverpool,3,0,,,,,
206,E0,04/02/2023,Newcastle,West Ham,1,1,,,,,
207,E0,05/02/2023,Nott'm Forest,Leeds,1,0,,,,,
208,E0,05/02/2023,Tottenham,Man City,1,0,,,,,
209,E0,08/02/2023,Man United,Leeds,2,2,,,,,
210,E0,11/02/2023,West Ham,Chelsea,1,1,,,,,
211,E0,11/02/2023,Arsenal,Brentford,1,1,,,,,
212,E0,11/02/2023,Crystal Palace,Brighton,1,1,,,,,
213,E0,11/02/2023,Fulham,Nott'm Forest,2,0,,,,,
214,E0,11/02/2023,Leicester,Tottenham,4,1,,,,,
215,E0,11/02/2023,Southampton,Wolves,1,2,,,,,
216,E0,11/02/2023,Bournemouth,Newcastle,1,1,,,,,
217,E0,12/02/2023,Leeds,Man United,0,2,,,,,
218,E0,12/02/2023,Man City,Aston Villa,3,1,,,,,
219,E0,13/02/2023,Liverpool,Everton,2,0,,,,,
220,E0,15/02/2023,Arsenal,Man City,1,3,,,,,
221,E0,18/02/2023,Aston Villa,Arsenal,2,4,,,,,
222,E0,18/02/2023,Brentford,Crystal Palace,1,1,,,,,
223,E0,18/02/2023,Brighton,Fulham,0,1,,,,,
224,E0,18/02/2023,Chelsea,Southampton,0,1,,,,,
225,E0,18/02/2023,Everton,Leeds,1,0,,,,,
226,E0,18/02/2023,Nott'm Forest,Man City,1,1,,,,,
227,E0,18/02/2023,Wolves,Bournemouth,0,1,,,,,
228,E0,18/02/2023,Newcastle,Liverpool,0,2,,,,,
229,E0,19/02/2023,Man United,Leicester,3,0,,,,,
230,E0,19/02/2023,Tottenham,West Ham,2,0,,,,,
231,E0,24/02/2023,Fulham,Wolves,1,1,,,,,
232,E0,25/02/2023,Everton,Aston Villa,0,2,,,,,
233,E0,25/02/2023,Leeds,Southampton,1,0,,,,,
234,E0,25/02/2023,Leicester,Arsenal,0,1,,,,,
235,E0,25/02/2023,West Ham,Nott'm Forest,4,0,,,,,
236,E0,25/02/2023,Bournemouth,Man City,1,4,,,,,
237,E0,25/02/2023,Crystal Palace,Liverpool,0,0,,,,,
238,E0,26/02/2023,Tottenham,Chelsea,2,0,,,,,
239,E0,01/03/2023,Arsenal,Everton,4,0,,,,,
240,E0,01/03/2023,Liverpool,Wolves,2,0,,,,,
241,E0,04/03/2023,Man City,Newcastle,2,0,,,,,
242,E0,04/03/2023,Arsenal,Bournemouth,3,2,,,,,
243,E0,04/03/2023,Aston Villa,Crystal Palace,1,0,,,,,
244,E0,04/03/2023,Brighton,West Ham,4,0,,,,,
245,E0,04/03/2023,Chelsea,Leeds,1,0,,,,,
246,E0,04/03/2023,Wolves,Tottenham,1,0,,,,,
247,E0,04/03/2023,Southampton,Leicester,1,0,,,,,
248,E0,05/03/2023,Nott'm Forest,Everton,2,2,,,,,
249,E0,05/03/2023,Liverpool,Man United,7,0,,,,,
250,E0,06/03/2023,Brentford,Fulham,3,2,,,,,
251,E0,11/03/2023,Bournemouth,Liverpool,1,0,,,,,
252,E0,11/03/2023,Everton,Brentford,1,0,,,,,
253,E0,11/03/2023,Leeds,Brighton,2,2,,,,,
254,E0,11/03/2023,Leicester,Chelsea,1,3,,,,,
255,E0,11/03/2023,Tottenham,Nott'm Forest,3,1,,,,,
256,E0,11/03/2023,Crystal Palace,Man City,0,1,,,,,
257,E0,12/03/2023,Fulham,Arsenal,0,3,,,,,
258,E0,12/03/2023,Man United,Southampton,0,0,,,,,
259,E0,12/03/2023,West Ham,Aston Villa,1,1,,,,,
260,E0,12/03/2023,Newcastle,Wolves,2,1,,,,,
261,E0,15/03/2023,Brighton,Crystal Palace,1,0,,,,,
262,E0,15/03/2023,Southampton,Brentford,0,2,,,,,
263,E0,17/03/2023,Nott'm Forest,Newcastle,1,2,,,,,
264,E0,18/03/2023,Aston Villa,Bournemouth,3,0,,,,,
265,E0,18/03/2023,Brentford,Leicester,1,1,,,,,
266,E0,18/03/2023,Southampton,Tottenham,3,3,,,,,
267,E0,18/03/2023,Wolves,Leeds,2,4,,,,,
268,E0,18/03/2023,Chelsea,Everton,2,2,,,,,
269,E0,19/03/2023,Arsenal,Crystal Palace,4,1,,,,,
270,E0,01/04/2023,Man City,Liverpool,4,1,,,,,
271,E0,01/04/2023,Arsenal,Leeds,4,1,,,,,
272,E0,01/04/2023,Bournemouth,Fulham,2,1,,,,,
273,E0,01/04/2023,Brighton,Brentford,3,3,,,,,
274,E0,01/04/2023,Crystal Palace,Leicester,2,1,,,,,
275,E0,01/04/2023,Nott'm Forest,Wolves,1,1,,,,,
276,E0,01/04/2023,Chelsea,Aston Villa,0,2,,,,,
277,E0,02/04/2023,West Ham,Southampton,1,0,,,,,
278,E0,02/04/2023,Newcastle,Man United,2,0,,,,,
279,E0,03/04/2023,Everton,Tottenham,1,1,,,,,
280,E0,04/04/2023,Bournemouth,Brighton,0,2,,,,,
281,E0,04/04/2023,Leeds,Nott'm Forest,2,1,,,,,
282,E0,04/04/2023,Leicester,Aston Villa,1,2,,,,,
283,E0,04/04/2023,Chelsea,Liverpool,0,0,,,,,
284,E0,05/04/2023,Man United,Brentford,1,0,,,,,
285,E0,05/04/2023,West Ham,Newcastle,1,5,,,,,
286,E0,08/04/2023,Man United,Everton,2,0,,,,,
287,E0,08/04/2023,Aston Villa,Nott'm Forest,2,0,,,,,
288,E0,08/04/2023,Brentford,Newcastle,1,2,,,,,
289,E0,08/04/2023,Fulham,West Ham,0,1,,,,,
290,E0,08/04/2023,Leicester,Bournemouth,0,1,,,,,
291,E0,08/04/2023,Tottenham,Brighton,2,1,,,,,
292,E0,08/04/2023,Wolves,Chelsea,1,0,,,,,
293,E0,08/04/2023,Southampton,Man City,1,4,,,,,
294,E0,09/04/2023,Leeds,Crystal Palace,1,5,,,,,
295,E0,09/04/2023,Liverpool,Arsenal,2,2,,,,,
296,E0,15/04/2023,Aston Villa,Newcastle,3,0,,,,,
297,E0,15/04/2023,Chelsea,Brighton,1,2,,,,,
298,E0,15/04/2023,Everton,Fulham,1,3,,,,,
299,E0,15/04/2023,Southampton,Crystal Palace,0,2,,,,,
300,E0,15/04/2023,Tottenham,Bournemouth,2,3,,,,,
301,E0,15/04/2023,Wolves,Brentford,2,0,,,,,
302,E0,15/04/2023,Man City,Leicester,3,1,,,,,
303,E0,16/04/2023,West Ham,Arsenal,2,2,,,,,
304,E0,16/04/2023,Nott'm Forest,Man United,0,2,,,,,
305,E0,17/04/2023,Leeds,Liverpool,1,6,,,,,
306,E0,21/04/2023,Arsenal,Southampton,3,3,,,,,
307,E0,22/04/2023,Fulham,Leeds,2,1,,,,,
308,E0,22/04/2023,Brentford,Aston Villa,1,1,,,,,
309,E0,22/04/2023,Crystal Palace,Everton,0,0,,,,,
310,E0,22/04/2023,Leicester,Wolves,2,1,,,,,
311,E0,22/04/2023,Liverpool,Nott'm Forest,3,2,,,,,
312,E0,23/04/2023,Bournemouth,West Ham,0,4,,,,,
313,E0,23/04/2023,Newcastle,Tottenham,6,1,,,,,
314,E0,25/04/2023,Wolves,Crystal Palace,2,0,,,,,
315,E0,25/04/2023,Aston Villa,Fulham,1,0,,,,,
316,E0,25/04/2023,Leeds,Leicester,1,1,,,,,
317,E0,26/04/2023,Nott'm Forest,Brighton,3,1,,,,,
318,E0,26/04/2023,Chelsea,Brentford,0,2,,,,,
319,E0,26/04/2023,West Ham,Liverpool,1,2,,,,,
320,E0,26/04/2023,Man City,Arsenal,4,1,,,,,
321,E0,27/04/2023,Everton,Newcastle,1,4,,,,,
322,E0,27/04/2023,Southampton,Bournemouth,0,1,,,,,
323,E0,27/04/2023,Tottenham,Man United,2,2,,,,,
324,E0,29/04/2023,Crystal Palace,West Ham,4,3,,,,,
325,E0,29/04/2023,Brentford,Nott'm Forest,2,1,,,,,
326,E0,29/04/2023,Brighton,Wolves,6,0,,,,,
327,E0,30/04/2023,Bournemouth,Leeds,4,1,,,,,
328,E0,30/04/2023,Fulham,Man City,1,2,,,,,
329,E0,30/04/2023,Man United,Aston Villa,1,0,,,,,
330,E0,30/04/2023,Newcastle,Southampton,3,1,,,,,
331,E0,30/04/2023,Liverpool,Tottenham,4,3,,,,,
332,E0,01/05/2023,Leicester,Everton,2,2,,,,,
333,E0,02/05/2023,Arsenal,Chelsea,3,1,,,,,
334,E0,03/05/2023,Liverpool,Fulham,1,0,,,,,
335,E0,03/05/2023,Man City,West Ham,3,0,,,,,
336,E0,04/05/2023,Brighton,Man United,1,0,,,,,
337,E0,06/05/2023,Bournemouth,Chelsea,1,3,,,,,
338,E0,06/05/2023,Man City,Leeds,2,1,,,,,
339,E0,06/05/2023,Tottenham,Crystal Palace,1,0,,,,,
340,E0,06/05/2023,Wolves,Aston Villa,1,0,,,,,
341,E0,06/05/2023,Liverpool,Brentford,1,0,,,,,
342,E0,07/05/2023,Newcastle,Arsenal,0,2,,,,,
343,E0,07/05/2023,West Ham,Man United,1,0,,,,,
344,E0,08/05/2023,Fulham,Leicester,5,3,,,,,
345,E0,08/05/2023,Brighton,Everton,1,5,,,,,
346,E0,08/05/2023,Nott'm Forest,Southampton,4,3,,,,,
347,E0,13/05/2023,Leeds,Newcastle,2,2,,,,,
348,E0,13/05/2023,Aston Villa,Tottenham,2,1,,,,,
349,E0,13/05/2023,Chelsea,Nott'm Forest,2,2,,,,,
350,E0,13/05/2023,Crystal Palace,Bournemouth,2,0,,,,,
351,E0,13/05/2023,Man United,Wolves,2,0,,,,,
352,E0,13/05/2023,Southampton,Fulham,0,2,,,,,
353,E0,14/05/2023,Brentford,West Ham,2,0,,,,,
354,E0,14/05/2023,Everton,Man City,0,3,,,,,
355,E0,14/05/2023,Arsenal,Brighton,0,3,,,,,
356,E0,15/05/2023,Leicester,Liverpool,0,3,,,,,
357,E0,18/05/2023,Newcastle,Brighton,4,1,,,,,
358,E0,20/05/2023,Tottenham,Brentford,1,3,,,,,
359,E0,20/05/2023,Bournemouth,Man United,0,1,,,,,
360,E0,20/05/2023,Fulham,Crystal Palace,2,2,,,,,
361,E0,20/05/2023,Liverpool,Aston Villa,1,1,,,,,
362,E0,20/05/2023,Wolves,Everton,1,1,,,,,
363,E0,20/05/2023,Nott'm Forest,Arsenal,1,0,,,,,
364,E0,21/05/2023,West Ham,Leeds,3,1,,,,,
365,E0,21/05/2023,Brighton,Southampton,3,1,,,,,
366,E0,21/05/2023,Man City,Chelsea,1,0,,,,,
367,E0,22/05/2023,Newcastle,Leicester,0,0,,,,,
368,E0,24/05/2023,Brighton,Man City,1,1,,,,,
369,E0,25/05/2023,Man United,Chelsea,4,1,,,,,
370,E0,28/05/2023,Arsenal,Wolves,5,0,,,,,
371,E0,28/05/2023,Aston Villa,Brighton,2,1,,,,,
372,E0,28/05/2023,Brentford,Man City,1,0,,,,,
373,E0,28/05/2023,Chelsea,Newcastle,1,1,,,,,
374,E0,28/05/2023,Crystal Palace,Nott'm Forest,1,1,,,,,
375,E0,28/05/2023,Everton,Bournemouth,1,0,,,,,
376,E0,28/05/2023,Leeds,Tottenham,1,4,,,,,
377,E0,28/05/2023,Leicester,West Ham,2,1,,,,,
378,E0,28/05/2023,Man United,Fulham,2,1,,,,,
379,E0,28/05/2023,Southampton,Liverpool,4,4,,,,,
0,E0,11/08/2023,Burnley,Man City,0,3,,,,,
1,E0,12/08/2023,Arsenal,Nott'm Forest,2,1,,,,,
2,E0,12/08/2023,Bournemouth,West Ham,1,1,,,,,
3,E0,12/08/2023,Brighton,Luton,4,1,,,,,
4,E0,12/08/2023,Everton,Fulham,0,1,,,,,
5,E0,12/08/2023,Sheffield United,Crystal Palace,0,1,,,,,
6,E0,12/08/2023,Newcastle,Aston Villa,5,1,,,,,
7,E0,13/08/2023,Brentford,Tottenham,2,2,,,,,
8,E0,13/08/2023,Chelsea,Liverpool,1,1,,,,,
9,E0,14/08/2023,Man United,Wolves,1,0,,,,,
10,E0,18/08/2023,Nott'm Forest,Sheffield United,2,1,,,,,
11,E0,19/08/2023,Fulham,Brentford,0,3,,,,,
12,E0,19/08/2023,Liverpool,Bournemouth,3,1,,,,,
13,E0,19/08/2023,Wolves,Brighton,1,4,,,,,
14,E0,19/08/2023,Tottenham,Man United,2,0,,,,,
15,E0,19/08/2023,Man City,Newcastle,1,0,,,,,
16,E0,20/08/2023,Aston Villa,Everton,4,0,,,,,
17,E0,20/08/2023,West Ham,Chelsea,3,1,,,,,
18,E0,21/08/2023,Crystal Palace,Arsenal,0,1,,,,,
19,E0,25/08/2023,Chelsea,Luton,3,0,,,,,
20,E0,26/08/2023,Bournemouth,Tottenham,0,2,,,,,
21,E0,26/08/2023,Arsenal,Fulham,2,2,,,,,
22,E0,26/08/2023,Brentford,Crystal Palace,1,1,,,,,
23,E0,26/08/2023,Everton,Wolves,0,1,,,,,
24,E0,26/08/2023,Man United,Nott'm Forest,3,2,,,,,
25,E0,26/08/2023,Brighton,West Ham,1,3,,,,,
26,E0,27/08/2023,Burnley,Aston Villa,1,3,,,,,
27,E0,27/08/2023,Sheffield United,Man City,1,2,,,,,
28,E0,27/08/2023,Newcastle,Liverpool,1,2,,,,,
29,E0,01/09/2023,Luton,West Ham,1,2,,,,,
30,E0,02/09/2023,Sheffield United,Everton,2,2,,,,,
31,E0,02/09/2023,Brentford,Bournemouth,2,2,,,,,
32,E0,02/09/2023,Burnley,Tottenham,2,5,,,,,
33,E0,02/09/2023,Chelsea,Nott'm Forest,0,1,,,,,
34,E0,02/09/2023,Man City,Fulham,5,1,,,,,
35,E0,02/09/2023,Brighton,Newcastle,3,1,,,,,
36,E0,03/09/2023,Crystal Palace,Wolves,3,2,,,,,
37,E0,03/09/2023,Liverpool,Aston Villa,3,0,,,,,
38,E0,03/09/2023,Arsenal,Man United,3,1,,,,,
39,E0,16/09/2023,Wolves,Liverpool,1,3,,,,,
40,E0,16/09/2023,Aston Villa,Crystal Palace,3,1,,,,,
41,E0,16/09/2023,Fulham,Luton,1,0,,,,,
42,E0,16/09/2023,Man United,Brighton,1,3,,,,,
43,E0,16/09/2023,Tottenham,Sheffield United,2,1,,,,,
44,E0,16/09/2023,West Ham,Man City,1,3,,,,,
45,E0,16/09/2023,Newcastle,Brentford,1,0,,,,,
46,E0,17/09/2023,Bournemouth,Chelsea,0,0,,,,,
47,E0,17/09/2023,Everton,Arsenal,0,1,,,,,
48,E0,18/09/2023,Nott'm Forest,Burnley,1,1,,,,,
49,E0,23/09/2023,Crystal Palace,Fulham,0,0,,,,,
50,E0,23/09/2023,Luton,Wolves,1,1,,,,,
51,E0,23/09/2023,Man City,Nott'm Forest,2,0,,,,,
52,E0,23/09/2023,Brentford,Everton,1,3,,,,,
53,E0,23/09/2023,Burnley,Man United,0,1,,,,,
54,E0,24/09/2023,Arsenal,Tottenham,2,2,,,,,
55,E0,24/09/2023,Brighton,Bournemouth,3,1,,,,,
56,E0,24/09/2023,Chelsea,Aston Villa,0,1,,,,,
57,E0,24/09/2023,Liverpool,West Ham,3,1,,,,,
58,E0,24/09/2023,Sheffield United,Newcastle,0,8,,,,,
59,E0,30/09/2023,Aston Villa,Brighton,6,1,,,,,
60,E0,30/09/2023,Bournemouth,Arsenal,0,4,,,,,
61,E0,30/09/2023,Everton,Luton,1,2,,,,,
62,E0,30/09/2023,Man United,Crystal Palace,0,1,,,,,
63,E0,30/09/2023,Newcastle,Burnley,2,0,,,,,
64,E0,30/09/2023,West Ham,Sheffield United,2,0,,,,,
65,E0,30/09/2023,Wolves,Man City,2,1,,,,,
66,E0,30/09/2023,Tottenham,Liverpool,2,1,,,,,
67,E0,01/10/2023,Nott'm Forest,Brentford,1,1,,,,,
68,E0,02/10/2023,Fulham,Chelsea,0,2,,,,,
69,E0,03/10/2023,Luton,Burnley,1,2,,,,,
70,E0,07/10/2023,Luton,Tottenham,0,1,,,,,
71,E0,07/10/2023,Burnley,Chelsea,1,4,,,,,
72,E0,07/10/2023,Everton,Bournemouth,3,0,,,,,
73,E0,07/10/2023,Fulham,Sheffield United,3,1,,,,,
74,E0,07/10/2023,Man United,Brentford,2,1,,,,,
75,E0,07/10/2023,Crystal Palace,Nott'm Forest,0,0,,,,,
76,E0,08/10/2023,Brighton,Liverpool,2,2,,,,,
77,E0,08/10/2023,West Ham,Newcastle,2,2,,,,,
78,E0,08/10/2023,Wolves,Aston Villa,1,1,,,,,
79,E0,08/10/2023,Arsenal,Man City,1,0,,,,,
80,E0,21/10/2023,Liverpool,Everton,2,0,,,,,
81,E0,21/10/2023,Bournemouth,Wolves,1,2,,,,,
82,E0,21/10/2023,Brentford,Burnley,3,0,,,,,
83,E0,21/10/2023,Man City,Brighton,2,1,,,,,
84,E0,21/10/2023,Newcastle,Crystal Palace,4,0,,,,,
85,E0,21/10/2023,Nott'm Forest,Luton,2,2,,,,,
86,E0,21/10/2023,Chelsea,Arsenal,2,2,,,,,
87,E0,21/10/2023,Sheffield United,Man United,1,2,,,,,
88,E0,22/10/2023,Aston Villa,West Ham,4,1,,,,,
89,E0,23/10/2023,Tottenham,Fulham,2,0,,,,,
90,E0,27/10/2023,Crystal Palace,Tottenham,1,2,,,,,
91,E0,28/10/2023,Chelsea,Brentford,0,2,,,,,
92,E0,28/10/2023,Arsenal,Sheffield United,5,0,,,,,
93,E0,28/10/2023,Bournemouth,Burnley,2,1,,,,,
94,E0,28/10/2023,Wolves,Newcastle,2,2,,,,,
95,E0,29/10/2023,West Ham,Everton,0,1,,,,,
96,E0,29/10/2023,Aston Villa,Luton,3,1,,,,,
97,E0,29/10/2023,Brighton,Fulham,1,1,,,,,
98,E0,29/10/2023,Liverpool,Nott'm Forest,3,0,,,,,
99,E0,29/10/2023,Man United,Man City,0,3,,,,,
100,E0,04/11/2023,Fulham,Man United,0,1,,,,,
101,E0,04/11/2023,Brentford,West Ham,3,2,,,,,
102,E0,04/11/2023,Burnley,Crystal Palace,0,2,,,,,
103,E0,04/11/2023,Everton,Brighton,1,1,,,,,
104,E0,04/11/2023,Man City,Bournemouth,6,1,,,,,
105,E0,04/11/2023,Sheffield United,Wolves,2,1,,,,,
106,E0,04/11/2023,Newcastle,Arsenal,1,0,,,,,
107,E0,05/11/2023,Nott'm Forest,Aston Villa,2,0,,,,,
108,E0,05/11/2023,Luton,Liverpool,1,1,,,,,
109,E0,06/11/2023,Tottenham,Chelsea,1,4,,,,,
110,E0,11/11/2023,Wolves,Tottenham,2,1,,,,,
111,E0,11/11/2023,Arsenal,Burnley,3,1,,,,,
112,E0,11/11/2023,Crystal Palace,Everton,2,3,,,,,
113,E0,11/11/2023,Man United,Luton,1,0,,,,,
114,E0,11/11/2023,Bournemouth,Newcastle,2,0,,,,,
115,E0,12/11/2023,Aston Villa,Fulham,3,1,,,,,
116,E0,12/11/2023,Brighton,Sheffield United,1,1,,,,,
117,E0,12/11/2023,Liverpool,Brentford,3,0,,,,,
118,E0,12/11/2023,West Ham,Nott'm Forest,3,2,,,,,
119,E0,12/11/2023,Chelsea,Man City,4,4,,,,,
120,E0,25/11/2023,Man City,Liverpool,1,1,,,,,
121,E0,25/11/2023,Burnley,West Ham,1,2,,,,,
122,E0,25/11/2023,Luton,Crystal Palace,2,1,,,,,
123,E0,25/11/2023,Newcastle,Chelsea,4,1,,,,,
124,E0,25/11/2023,Nott'm Forest,Brighton,2,3,,,,,
125,E0,25/11/2023,Sheffield United,Bournemouth,1,3,,,,,
126,E0,25/11/2023,Brentford,Arsenal,0,1,,,,,
127,E0,26/11/2023,Tottenham,Aston Villa,1,2,,,,,
128,E0,26/11/2023,Everton,Man United,0,3,,,,,
129,E0,27/11/2023,Fulham,Wolves,3,2,,,,,
130,E0,02/12/2023,Arsenal,Wolves,2,1,,,,,
131,E0,02/12/2023,Brentford,Luton,3,1,,,,,
132,E0,02/12/2023,Burnley,Sheffield United,5,0,,,,,
133,E0,02/12/2023,Nott'm Forest,Everton,0,1,,,,,
134,E0,02/12/2023,Newcastle,Man United,1,0,,,,,
135,E0,03/12/2023,Bournemouth,Aston Villa,2,2,,,,,
136,E0,03/12/2023,Chelsea,Brighton,3,2,,,,,
137,E0,03/12/2023,Liverpool,Fulham,4,3,,,,,
138,E0,03/12/2023,West Ham,Crystal Palace,1,1,,,,,
139,E0,03/12/2023,Man City,Tottenham,3,3,,,,,
140,E0,05/12/2023,Wolves,Burnley,1,0,,,,,
141,E0,05/12/2023,Luton,Arsenal,3,4,,,,,
142,E0,06/12/2023,Brighton,Brentford,2,1,,,,,
143,E0,06/12/2023,Crystal Palace,Bournemouth,0,2,,,,,
144,E0,06/12/2023,Fulham,Nott'm Forest,5,0,,,,,
145,E0,06/12/2023,Sheffield United,Liverpool,0,2,,,,,
146,E0,06/12/2023,Aston Villa,Man City,1,0,,,,,
147,E0,06/12/2023,Man United,Chelsea,2,1,,,,,
148,E0,07/12/2023,Everton,Newcastle,3,0,,,,,
149,E0,07/12/2023,Tottenham,West Ham,1,2,,,,,
150,E0,09/12/2023,Crystal Palace,Liverpool,1,2,,,,,
151,E0,09/12/2023,Brighton,Burnley,1,1,,,,,
152,E0,09/12/2023,Man United,Bournemouth,0,3,,,,,
153,E0,09/12/2023,Sheffield United,Brentford,1,0,,,,,
154,E0,09/12/2023,Wolves,Nott'm Forest,1,1,,,,,
155,E0,09/12/2023,Aston Villa,Arsenal,1,0,,,,,
156,E0,10/12/2023,Everton,Chelsea,2,0,,,,,
157,E0,10/12/2023,Fulham,West Ham,5,0,,,,,
158,E0,10/12/2023,Luton,Man City,1,2,,,,,
159,E0,10/12/2023,Tottenham,Newcastle,4,1,,,,,
160,E0,15/12/2023,Nott'm Forest,Tottenham,0,2,,,,,
161,E0,16/12/2023,Chelsea,Sheffield United,2,0,,,,,
162,E0,16/12/2023,Man City,Crystal Palace,2,2,,,,,
163,E0,16/12/2023,Newcastle,Fulham,3,0,,,,,
164,E0,16/12/2023,Burnley,Everton,0,2,,,,,
165,E0,17/12/2023,Arsenal,Brighton,2,0,,,,,
166,E0,17/12/2023,Brentford,Aston Villa,1,2,,,,,
167,E0,17/12/2023,West Ham,Wolves,3,0,,,,,
168,E0,17/12/2023,Liverpool,Man United,0,0,,,,,
169,E0,21/12/2023,Crystal Palace,Brighton,1,1,,,,,
170,E0,22/12/2023,Aston Villa,Sheffield United,1,1,,,,,
171,E0,23/12/2023,West Ham,Man United,2,0,,,,,
172,E0,23/12/2023,Fulham,Burnley,0,2,,,,,
173,E0,23/12/2023,Luton,Newcastle,1,0,,,,,
174,E0,23/12/2023,Nott'm Forest,Bournemouth,2,3,,,,,
175,E0,23/12/2023,Tottenham,Everton,2,1,,,,,
176,E0,23/12/2023,Liverpool,Arsenal,1,1,,,,,
177,E0,24/12/2023,Wolves,Chelsea,2,1,,,,,
178,E0,26/12/2023,Newcastle,Nott'm Forest,1,3,,,,,
179,E0,26/12/2023,Bournemouth,Fulham,3,0,,,,,
180,E0,26/12/2023,Sheffield United,Luton,2,3,,,,,
181,E0,26/12/2023,Burnley,Liverpool,0,2,,,,,
182,E0,26/12/2023,Man United,Aston Villa,3,2,,,,,
183,E0,27/12/2023,Brentford,Wolves,1,4,,,,,
184,E0,27/12/2023,Chelsea,Crystal Palace,2,1,,,,,
185,E0,27/12/2023,Everton,Man City,1,3,,,,,
186,E0,28/12/2023,Brighton,Tottenham,4,2,,,,,
187,E0,28/12/2023,Arsenal,West Ham,0,2,,,,,
188,E0,30/12/2023,Luton,Chelsea,2,3,,,,,
189,E0,30/12/2023,Aston Villa,Burnley,3,2,,,,,
190,E0,30/12/2023,Crystal Palace,Brentford,3,1,,,,,
191,E0,30/12/2023,Man City,Sheffield United,2,0,,,,,
192,E0,30/12/2023,Wolves,Everton,3,0,,,,,
193,E0,30/12/2023,Nott'm Forest,Man United,2,1,,,,,
194,E0,31/12/2023,Fulham,Arsenal,2,1,,,,,
195,E0,31/12/2023,Tottenham,Bournemouth,3,1,,,,,
196,E0,01/01/2024,Liverpool,Newcastle,4,2,,,,,
197,E0,02/01/2024,West Ham,Brighton,0,0,,,,,
198,E0,12/01/2024,Burnley,Luton,1,1,,,,,
199,E0,13/01/2024,Chelsea,Fulham,1,0,,,,,
200,E0,13/01/2024,Newcastle,Man City,2,3,,,,,
201,E0,14/01/2024,Everton,Aston Villa,0,0,,,,,
202,E0,14/01/2024,Man United,Tottenham,2,2,,,,,
203,E0,20/01/2024,Arsenal,Crystal Palace,5,0,,,,,
204,E0,20/01/2024,Brentford,Nott'm Forest,3,2,,,,,
205,E0,21/01/2024,Sheffield United,West Ham,2,2,,,,,
206,E0,21/01/2024,Bournemouth,Liverpool,0,4,,,,,
207,E0,22/01/2024,Brighton,Wolves,0,0,,,,,
208,E0,30/01/2024,Nott'm Forest,Arsenal,1,2,,,,,
209,E0,30/01/2024,Fulham,Everton,0,0,,,,,
210,E0,30/01/2024,Luton,Brighton,4,0,,,,,
211,E0,30/01/2024,Crystal Palace,Sheffield United,3,2,,,,,
212,E0,30/01/2024,Aston Villa,Newcastle,1,3,,,,,
213,E0,31/01/2024,Man City,Burnley,3,1,,,,,
214,E0,31/01/2024,Tottenham,Brentford,3,2,,,,,
215,E0,31/01/2024,Liverpool,Chelsea,4,1,,,,,
216,E0,01/02/2024,West Ham,Bournemouth,1,1,,,,,
217,E0,01/02/2024,Wolves,Man United,3,4,,,,,
218,E0,03/02/2024,Everton,Tottenham,2,2,,,,,
219,E0,03/02/2024,Brighton,Crystal Palace,4,1,,,,,
220,E0,03/02/2024,Burnley,Fulham,2,2,,,,,
221,E0,03/02/2024,Newcastle,Luton,4,4,,,,,
222,E0,03/02/2024,Sheffield United,Aston Villa,0,5,,,,,
223,E0,04/02/2024,Bournemouth,Nott'm Forest,1,1,,,,,
224,E0,04/02/2024,Chelsea,Wolves,2,4,,,,,
225,E0,04/02/2024,Man United,West Ham,3,0,,,,,
226,E0,04/02/2024,Arsenal,Liverpool,3,1,,,,,
227,E0,05/02/2024,Brentford,Man City,1,3,,,,,
228,E0,10/02/2024,Man City,Everton,2,0,,,,,
229,E0,10/02/2024,Fulham,Bournemouth,3,1,,,,,
230,E0,10/02/2024,Liverpool,Burnley,3,1,,,,,
231,E0,10/02/2024,Luton,Sheffield United,1,3,,,,,
232,E0,10/02/2024,Tottenham,Brighton,2,1,,,,,
233,E0,10/02/2024,Wolves,Brentford,0,2,,,,,
234,E0,10/02/2024,Nott'm Forest,Newcastle,2,3,,,,,
235,E0,11/02/2024,West Ham,Arsenal,0,6,,,,,
236,E0,11/02/2024,Aston Villa,Man United,1,2,,,,,
237,E0,12/02/2024,Crystal Palace,Chelsea,1,3,,,,,
238,E0,17/02/2024,Brentford,Liverpool,1,4,,,,,
239,E0,17/02/2024,Burnley,Arsenal,0,5,,,,,
240,E0,17/02/2024,Fulham,Aston Villa,1,2,,,,,
241,E0,17/02/2024,Newcastle,Bournemouth,2,2,,,,,
242,E0,17/02/2024,Nott'm Forest,West Ham,2,0,,,,,
243,E0,17/02/2024,Tottenham,Wolves,1,2,,,,,
244,E0,17/02/2024,Man City,Chelsea,1,1,,,,,
245,E0,18/02/2024,Sheffield United,Brighton,0,5,,,,,
246,E0,18/02/2024,Luton,Man United,1,2,,,,,
247,E0,19/02/2024,Everton,Crystal Palace,1,1,,,,,
248,E0,20/02/2024,Man City,Brentford,1,0,,,,,
249,E0,21/02/2024,Liverpool,Luton,4,1,,,,,
250,E0,24/02/2024,Aston Villa,Nott'm Forest,4,2,,,,,
251,E0,24/02/2024,Brighton,Everton,1,1,,,,,
252,E0,24/02/2024,Crystal Palace,Burnley,3,0,,,,,
253,E0,24/02/2024,Man United,Fulham,1,2,,,,,
254,E0,24/02/2024,Bournemouth,Man City,0,1,,,,,
255,E0,24/02/2024,Arsenal,Newcastle,4,1,,,,,
256,E0,25/02/2024,Wolves,Sheffield United,1,0,,,,,
257,E0,26/02/2024,West Ham,Brentford,4,2,,,,,
258,E0,02/03/2024,Brentford,Chelsea,2,2,,,,,
259,E0,02/03/2024,Everton,West Ham,1,3,,,,,
260,E0,02/03/2024,Fulham,Brighton,3,0,,,,,
261,E0,02/03/2024,Newcastle,Wolves,3,0,,,,,
262,E0,02/03/2024,Nott'm Forest,Liverpool,0,1,,,,,
263,E0,02/03/2024,Tottenham,Crystal Palace,3,1,,,,,
264,E0,02/03/2024,Luton,Aston Villa,2,3,,,,,
265,E0,03/03/2024,Burnley,Bournemouth,0,2,,,,,
266,E0,03/03/2024,Man City,Man United,3,1,,,,,
267,E0,04/03/2024,Sheffield United,Arsenal,0,6,,,,,
268,E0,09/03/2024,Man United,Everton,2,0,,,,,
269,E0,09/03/2024,Bournemouth,Sheffield United,2,2,,,,,
270,E0,09/03/2024,Crystal Palace,Luton,1,1,,,,,
271,E0,09/03/2024,Wolves,Fulham,2,1,,,,,
272,E0,09/03/2024,Arsenal,Brentford,2,1,,,,,
273,E0,10/03/2024,Aston Villa,Tottenham,0,4,,,,,
274,E0,10/03/2024,Brighton,Nott'm Forest,1,0,,,,,
275,E0,10/03/2024,West Ham,Burnley,2,2,,,,,
276,E0,10/03/2024,Liverpool,Man City,1,1,,,,,
277,E0,11/03/2024,Chelsea,Newcastle,3,2,,,,,
278,E0,13/03/2024,Bournemouth,Luton,4,3,,,,,
279,E0,16/03/2024,Burnley,Brentford,2,1,,,,,
280,E0,16/03/2024,Luton,Nott'm Forest,1,1,,,,,
281,E0,16/03/2024,Fulham,Tottenham,3,0,,,,,
282,E0,17/03/2024,West Ham,Aston Villa,1,1,,,,,
283,E0,30/03/2024,Newcastle,West Ham,4,3,,,,,
284,E0,30/03/2024,Bournemouth,Everton,2,1,,,,,
285,E0,30/03/2024,Chelsea,Burnley,2,2,,,,,
286,E0,30/03/2024,Nott'm Forest,Crystal Palace,1,1,,,,,
287,E0,30/03/2024,Sheffield United,Fulham,3,3,,,,,
288,E0,30/03/2024,Tottenham,Luton,2,1,,,,,
289,E0,30/03/2024,Aston Villa,Wolves,2,0,,,,,
290,E0,30/03/2024,Brentford,Man United,1,1,,,,,
291,E0,31/03/2024,Liverpool,Brighton,2,1,,,,,
292,E0,31/03/2024,Man City,Arsenal,0,0,,,,,
293,E0,02/04/2024,Newcastle,Everton,1,1,,,,,
294,E0,02/04/2024,Nott'm Forest,Fulham,3,1,,,,,
295,E0,02/04/2024,Bournemouth,Crystal Palace,1,0,,,,,
296,E0,02/04/2024,Burnley,Wolves,1,1,,,,,
297,E0,02/04/2024,West Ham,Tottenham,1,1,,,,,
298,E0,03/04/2024,Arsenal,Luton,2,0,,,,,
299,E0,03/04/2024,Brentford,Brighton,0,0,,,,,
300,E0,03/04/2024,Man City,Aston Villa,4,1,,,,,
301,E0,04/04/2024,Liverpool,Sheffield United,3,1,,,,,
302,E0,04/04/2024,Chelsea,Man United,4,3,,,,,
303,E0,06/04/2024,Crystal Palace,Man City,2,4,,,,,
304,E0,06/04/2024,Aston Villa,Brentford,3,3,,,,,
305,E0,06/04/2024,Everton,Burnley,1,0,,,,,
306,E0,06/04/2024,Fulham,Newcastle,0,1,,,,,
307,E0,06/04/2024,Luton,Bournemouth,2,1,,,,,
308,E0,06/04/2024,Wolves,West Ham,1,2,,,,,
309,E0,06/04/2024,Brighton,Arsenal,0,3,,,,,
310,E0,07/04/2024,Man United,Liverpool,2,2,,,,,
311,E0,07/04/2024,Sheffield United,Chelsea,2,2,,,,,
312,E0,07/04/2024,Tottenham,Nott'm Forest,3,1,,,,,
313,E0,13/04/2024,Newcastle,Tottenham,4,0,,,,,
314,E0,13/04/2024,Brentford,Sheffield United,2,0,,,,,
315,E0,13/04/2024,Burnley,Brighton,1,1,,,,,
316,E0,13/04/2024,Man City,Luton,5,1,,,,,
317,E0,13/04/2024,Nott'm Forest,Wolves,2,2,,,,,
318,E0,13/04/2024,Bournemouth,Man United,2,2,,,,,
319,E0,14/04/2024,Liverpool,Crystal Palace,0,1,,,,,
320,E0,14/04/2024,West Ham,Fulham,0,2,,,,,
321,E0,14/04/2024,Arsenal,Aston Villa,0,2,,,,,
322,E0,15/04/2024,Chelsea,Everton,6,0,,,,,
323,E0,20/04/2024,Luton,Brentford,1,5,,,,,
324,E0,20/04/2024,Sheffield United,Burnley,1,4,,,,,
325,E0,20/04/2024,Wolves,Arsenal,0,2,,,,,
326,E0,21/04/2024,Everton,Nott'm Forest,2,0,,,,,
327,E0,21/04/2024,Aston Villa,Bournemouth,3,1,,,,,
328,E0,21/04/2024,Crystal Palace,West Ham,5,2,,,,,
329,E0,21/04/2024,Fulham,Liverpool,1,3,,,,,
330,E0,23/04/2024,Arsenal,Chelsea,5,0,,,,,
331,E0,24/04/2024,Wolves,Bournemouth,0,1,,,,,
332,E0,24/04/2024,Crystal Palace,Newcastle,2,0,,,,,
333,E0,24/04/2024,Everton,Liverpool,2,0,,,,,
334,E0,24/04/2024,Man United,Sheffield United,4,2,,,,,
335,E0,25/04/2024,Brighton,Man City,0,4,,,,,
336,E0,27/04/2024,West Ham,Liverpool,2,2,,,,,
337,E0,27/04/2024,Fulham,Crystal Palace,1,1,,,,,
338,E0,27/04/2024,Man United,Burnley,1,1,,,,,
339,E0,27/04/2024,Newcastle,Sheffield United,5,1,,,,,
340,E0,27/04/2024,Wolves,Luton,2,1,,,,,
341,E0,27/04/2024,Everton,Brentford,1,0,,,,,
342,E0,27/04/2024,Aston Villa,Chelsea,2,2,,,,,
343,E0,28/04/2024,Bournemouth,Brighton,3,0,,,,,
344,E0,28/04/2024,Tottenham,Arsenal,2,3,,,,,
345,E0,28/04/2024,Nott'm Forest,Man City,0,2,,,,,
346,E0,02/05/2024,Chelsea,Tottenham,2,0,,,,,
347,E0,03/05/2024,Luton,Everton,1,1,,,,,
348,E0,04/05/2024,Arsenal,Bournemouth,3,0,,,,,
349,E0,04/05/2024,Brentford,Fulham,0,0,,,,,
350,E0,04/05/2024,Burnley,Newcastle,1,4,,,,,
351,E0,04/05/2024,Sheffield United,Nott'm Forest,1,3,,,,,
352,E0,04/05/2024,Man City,Wolves,5,1,,,,,
353,E0,05/05/2024,Brighton,Aston Villa,1,0,,,,,
354,E0,05/05/2024,Chelsea,West Ham,5,0,,,,,
355,E0,05/05/2024,Liverpool,Tottenham,4,2,,,,,
356,E0,06/05/2024,Crystal Palace,Man United,4,0,,,,,
357,E0,11/05/2024,Fulham,Man City,0,4,,,,,
358,E0,11/05/2024,Bournemouth,Brentford,1,2,,,,,
359,E0,11/05/2024,Everton,Sheffield United,1,0,,,,,
360,E0,11/05/2024,Newcastle,Brighton,1,1,,,,,
361,E0,11/05/2024,Tottenham,Burnley,2,1,,,,,
362,E0,11/05/2024,West Ham,Luton,3,1,,,,,
363,E0,11/05/2024,Wolves,Crystal Palace,1,3,,,,,
364,E0,11/05/2024,Nott'm Forest,Chelsea,2,3,,,,,
365,E0,12/05/2024,Man United,Arsenal,0,1,,,,,
366,E0,13/05/2024,Aston Villa,Liverpool,3,3,,,,,
367,E0,14/05/2024,Tottenham,Man City,0,2,,,,,
368,E0,15/05/2024,Brighton,Chelsea,1,2,,,,,
369,E0,15/05/2024,Man United,Newcastle,3,2,,,,,
370,E0,19/05/2024,Arsenal,Everton,2,1,,,,,
371,E0,19/05/2024,Brentford,Newcastle,2,4,,,,,
372,E0,19/05/2024,Brighton,Man United,0,2,,,,,
373,E0,19/05/2024,Burnley,Nott'm Forest,1,2,,,,,
374,E0,19/05/2024,Chelsea,Bournemouth,2,1,,,,,
375,E0,19/05/2024,Crystal Palace,Aston Villa,5,0,,,,,
376,E0,19/05/2024,Liverpool,Wolves,2,0,,,,,
377,E0,19/05/2024,Luton,Fulham,2,4,,,,,
378,E0,19/05/2024,Man City,West Ham,3,1,,,,,
379,E0,19/05/2024,Sheffield United,Tottenham,0,3,,,,,
0,E0,16/08/2024,Man United,Fulham,1,0,1.66,4.5,5.6,1.59,2.64
1,E0,17/08/2024,Ipswich,Liverpool,0,2,9.4,6.2,1.36,1.45,3.15
2,E0,17/08/2024,Arsenal,Wolves,2,0,1.19,9.0,18.0,1.53,2.84
3,E0,17/08/2024,Everton,Brighton,0,3,2.78,3.5,2.78,1.88,2.08
4,E0,17/08/2024,Newcastle,Southampton,1,0,1.37,6.0,9.2,1.43,3.15
5,E0,17/08/2024,Nott'm Forest,Bournemouth,1,1,2.54,3.6,3.0,1.83,2.16
6,E0,17/08/2024,West Ham,Aston Villa,1,2,2.5,3.75,2.94,1.63,2.52
7,E0,18/08/2024,Brentford,Crystal Palace,2,1,2.54,3.55,3.0,1.84,2.14
8,E0,18/08/2024,Chelsea,Man City,0,2,4.3,4.1,1.87,1.56,2.68
9,E0,19/08/2024,Leicester,Tottenham,1,1,5.4,4.6,1.65,1.56,2.7
10,E0,24/08/2024,Brighton,Man United,2,1,2.58,3.9,2.8,1.62,2.5
11,E0,24/08/2024,Crystal Palace,West Ham,0,2,2.24,3.7,3.45,1.82,2.18
12,E0,24/08/2024,Fulham,Leicester,2,1,1.89,3.85,4.6,1.96,2.0
13,E0,24/08/2024,Man City,Ipswich,4,1,1.1,15.0,34.0,,
14,E0,24/08/2024,Southampton,Nott'm Forest,0,1,2.62,3.5,2.96,2.06,1.89
15,E0,24/08/2024,Tottenham,Everton,4,0,1.45,5.3,7.8,1.56,2.72
16,E0,24/08/2024,Aston Villa,Arsenal,0,2,4.7,4.1,1.8,,
17,E0,25/08/2024,Bournemouth,Newcastle,1,1,3.15,3.95,2.3,1.62,2.56
18,E0,25/08/2024,Wolves,Chelsea,2,6,4.7,4.2,1.81,1.69,2.38
19,E0,25/08/2024,Liverpool,Brentford,2,0,1.26,7.6,12.5,,
20,E0,31/08/2024,Arsenal,Brighton,1,1,1.36,6.0,9.4,1.58,2.66
21,E0,31/08/2024,Brentford,Southampton,3,1,1.82,4.1,4.8,1.79,2.24
22,E0,31/08/2024,Everton,Bournemouth,2,3,2.86,3.55,2.68,1.96,2.0
23,E0,31/08/2024,Ipswich,Fulham,1,1,3.2,3.6,2.42,1.83,2.12
24,E0,31/08/2024,Leicester,Aston Villa,1,2,4.9,4.1,1.8,1.73,2.28
25,E0,31/08/2024,Nott'm Forest,Wolves,1,1,2.08,3.8,3.85,1.88,2.08
26,E0,31/08/2024,West Ham,Man City,1,3,8.2,5.9,1.4,1.51,2.88
27,E0,01/09/2024,Chelsea,Crystal Palace,1,1,1.65,4.6,5.4,1.56,2.7
28,E0,01/09/2024,Newcastle,Tottenham,2,1,2.62,4.0,2.66,1.42,3.25
29,E0,01/09/2024,Man United,Liverpool,0,3,4.0,4.3,1.9,1.49,3.0
30,E0,14/09/2024,Southampton,Man United,0,3,4.9,4.2,1.78,1.65,2.5
31,E0,14/09/2024,Brighton,Ipswich,0,0,1.4,5.6,9.0,1.59,2.66
32,E0,14/09/2024,Crystal Palace,Leicester,2,2,1.67,4.3,5.9,1.79,2.2
33,E0,14/09/2024,Fulham,West Ham,1,1,2.5,3.6,3.0,1.77,2.24
34,E0,14/09/2024,Liverpool,Nott'm Forest,0,1,1.24,7.8,14.5,1.47,3.1
35,E0,14/09/2024,Man City,Brentford,2,1,1.19,9.6,17.5,1.39,3.4
36,E0,14/09/2024,Aston Villa,Everton,3,2,1.54,4.7,7.0,1.73,2.32
37,E0,14/09/2024,Bournemouth,Chelsea,0,1,3.55,4.1,2.08,1.49,2.94
38,E0,15/09/2024,Tottenham,Arsenal,0,1,3.1,3.75,2.4,1.65,2.5
39,E0,15/09/2024,Wolves,Newcastle,1,2,3.55,3.85,2.16,1.6,2.6
40,E0,21/09/2024,West Ham,Chelsea,0,3,3.6,4.0,2.08,1.57,2.68
41,E0,21/09/2024,Aston Villa,Wolves,3,1,1.62,4.5,5.9,1.62,2.54
42,E0,21/09/2024,Fulham,Newcastle,3,1,3.0,3.65,2.52,1.73,2.34
43,E0,21/09/2024,Leicester,Everton,1,1,2.62,3.5,2.96,1.94,2.04
44,E0,21/09/2024,Liverpool,Bournemouth,3,0,1.31,6.8,10.5,1.41,3.35
45,E0,21/09/2024,Southampton,Ipswich,1,1,2.34,3.6,3.3,1.86,2.12
46,E0,21/09/2024,Tottenham,Brentford,3,1,1.59,4.9,5.8,1.47,3.05
47,E0,21/09/2024,Crystal Palace,Man United,0,0,2.96,3.85,2.46,1.64,2.5
48,E0,22/09/2024,Brighton,Nott'm Forest,2,2,1.79,4.0,4.9,1.93,2.06
49,E0,22/09/2024,Man City,Arsenal,2,2,1.88,3.65,4.9,2.14,1.86
50,E0,28/09/2024,Newcastle,Man City,1,1,5.6,4.7,1.64,1.52,2.84
51,E0,28/09/2024,Arsenal,Leicester,4,2,1.19,9.0,19.0,1.54,2.74
52,E0,28/09/2024,Brentford,West Ham,1,1,2.32,3.7,3.3,1.75,2.3
53,E0,28/09/2024,Chelsea,Brighton,4,2,1.77,4.4,4.7,1.54,2.78
54,E0,28/09/2024,Everton,Crystal Palace,2,1,2.84,3.5,2.74,1.96,2.02
55,E0,28/09/2024,Nott'm Forest,Fulham,0,1,2.44,3.45,3.25,2.08,1.9
56,E0,28/09/2024,Wolves,Liverpool,1,2,9.0,6.0,1.37,1.48,3.0
57,E0,29/09/2024,Ipswich,Aston Villa,2,2,4.4,3.85,1.92,1.77,2.26
58,E0,29/09/2024,Man United,Tottenham,0,3,2.46,4.0,2.86,1.46,3.05
59,E0,30/09/2024,Bournemouth,Southampton,3,1,1.68,4.4,5.5,1.53,2.72
60,E0,05/10/2024,Crystal Palace,Liverpool,0,1,6.6,4.9,1.55,1.62,2.52
61,E0,05/10/2024,Arsenal,Southampton,3,1,1.14,11.0,26.0,1.4,3.4
62,E0,05/10/2024,Brentford,Wolves,5,3,2.16,3.75,3.65,1.83,2.16
63,E0,05/10/2024,Leicester,Bournemouth,1,0,3.5,3.75,2.22,1.72,2.32
64,E0,05/10/2024,Man City,Fulham,3,2,1.26,7.6,13.0,1.5,2.9
65,E0,05/10/2024,West Ham,Ipswich,4,1,1.83,4.1,4.6,1.72,2.32
66,E0,05/10/2024,Everton,Newcastle,0,0,3.25,3.75,2.32,1.72,2.3
67,E0,06/10/2024,Aston Villa,Man United,0,0,2.28,3.95,3.2,1.59,2.64
68,E0,06/10/2024,Chelsea,Nott'm Forest,1,1,1.5,4.9,7.4,1.6,2.6
69,E0,06/10/2024,Brighton,Tottenham,3,2,3.0,4.1,2.34,1.41,3.35
70,E0,19/10/2024,Tottenham,West Ham,4,1,1.54,5.2,6.2,1.42,3.3
71,E0,19/10/2024,Fulham,Aston Villa,1,3,2.52,3.6,3.0,1.77,2.26
72,E0,19/10/2024,Ipswich,Everton,0,2,2.48,3.5,3.15,1.88,2.1
73,E0,19/10/2024,Man United,Brentford,2,1,1.74,4.5,4.8,1.56,2.68
74,E0,19/10/2024,Newcastle,Brighton,0,1,2.02,4.0,3.75,1.56,2.68
75,E0,19/10/2024,Southampton,Leicester,2,3,2.42,3.65,3.15,1.82,2.14
76,E0,19/10/2024,Bournemouth,Arsenal,2,0,5.5,4.1,1.72,1.79,2.22
77,E0,20/10/2024,Wolves,Man City,1,2,10.0,6.2,1.34,1.5,2.92
78,E0,20/10/2024,Liverpool,Chelsea,2,1,1.69,4.5,5.2,1.46,3.1
79,E0,21/10/2024,Nott'm Forest,Crystal Palace,1,0,2.48,3.4,3.2,2.26,1.75
80,E0,25/10/2024,Leicester,Nott'm Forest,1,3,3.2,3.4,2.48,2.16,1.83
81,E0,26/10/2024,Aston Villa,Bournemouth,1,1,1.9,4.1,4.3,1.65,2.46
82,E0,26/10/2024,Brentford,Ipswich,4,3,1.71,4.4,5.2,1.69,2.32
83,E0,26/10/2024,Brighton,Wolves,2,2,1.67,4.5,5.5,1.61,2.52
84,E0,26/10/2024,Man City,Southampton,1,0,1.13,12.5,26.0,1.3,4.1
85,E0,26/10/2024,Everton,Fulham,1,1,2.82,3.45,2.78,1.95,2.04
86,E0,27/10/2024,Chelsea,Newcastle,2,1,1.8,4.4,4.4,1.49,2.88
87,E0,27/10/2024,Crystal Palace,Tottenham,1,0,4.1,4.1,1.94,1.64,2.5
88,E0,27/10/2024,West Ham,Man United,2,1,3.0,3.8,2.44,1.59,2.62
89,E0,27/10/2024,Arsenal,Liverpool,2,2,2.58,3.45,3.05,2.0,1.99
90,E0,02/11/2024,Newcastle,Arsenal,1,0,4.0,3.8,2.04,1.9,2.08
91,E0,02/11/2024,Bournemouth,Man City,2,1,5.9,4.6,1.62,1.63,2.5
92,E0,02/11/2024,Ipswich,Leicester,1,1,2.34,3.7,3.25,1.74,2.28
93,E0,02/11/2024,Liverpool,Brighton,2,1,1.42,5.8,8.0,1.45,3.15
94,E0,02/11/2024,Nott'm Forest,West Ham,3,0,2.2,3.6,3.65,1.92,2.06
95,E0,02/11/2024,Southampton,Everton,1,0,2.76,3.55,2.76,1.87,2.1
96,E0,02/11/2024,Wolves,Crystal Palace,2,2,2.6,3.5,3.0,1.92,2.06
97,E0,03/11/2024,Tottenham,Aston Villa,4,1,1.99,4.2,3.8,1.48,2.98
98,E0,03/11/2024,Man United,Chelsea,1,1,2.7,3.9,2.66,1.5,2.96
99,E0,04/11/2024,Fulham,Brentford,2,1,2.08,3.85,3.75,1.72,2.3
100,E0,09/11/2024,Brentford,Bournemouth,3,2,2.62,3.75,2.8,1.64,2.52
101,E0,09/11/2024,Crystal Palace,Fulham,0,2,2.9,3.5,2.68,2.0,1.97
102,E0,09/11/2024,West Ham,Everton,0,0,2.22,3.55,3.7,1.9,2.06
103,E0,09/11/2024,Wolves,Southampton,2,0,1.99,3.95,4.0,1.71,2.38
104,E0,09/11/2024,Brighton,Man City,2,1,4.6,4.4,1.79,1.55,2.68
105,E0,09/11/2024,Liverpool,Aston Villa,2,0,1.46,5.5,7.2,1.47,2.98
106,E0,10/11/2024,Man United,Leicester,3,0,1.4,6.0,8.2,1.5,2.86
107,E0,10/11/2024,Nott'm Forest,Newcastle,1,3,2.78,3.4,2.86,1.97,1.96
108,E0,10/11/2024,Tottenham,Ipswich,1,2,1.29,7.4,10.5,1.33,3.8
109,E0,10/11/2024,Chelsea,Arsenal,1,1,2.94,3.5,2.64,1.78,2.24
110,E0,23/11/2024,Leicester,Chelsea,1,2,7.2,5.0,1.49,1.53,2.8
111,E0,23/11/2024,Arsenal,Nott'm Forest,3,0,1.38,5.3,10.5,1.83,2.16
112,E0,23/11/2024,Aston Villa,Crystal Palace,2,2,1.68,4.3,5.8,1.8,2.18
113,E0,23/11/2024,Bournemouth,Brighton,1,2,2.46,3.7,3.05,1.61,2.56
114,E0,23/11/2024,Everton,Brentford,0,0,2.5,3.5,3.1,1.9,2.08
115,E0,23/11/2024,Fulham,Wolves,1,4,1.69,4.3,5.5,1.74,2.3
116,E0,23/11/2024,Man City,Tottenham,0,4,1.5,5.3,6.6,1.33,3.75
117,E0,24/11/2024,Southampton,Liverpool,2,3,12.0,6.4,1.31,1.47,3.05
118,E0,24/11/2024,Ipswich,Man United,1,1,5.5,4.4,1.67,1.6,2.58
119,E0,25/11/2024,Newcastle,West Ham,0,2,1.52,4.9,6.8,1.58,2.6
120,E0,29/11/2024,Brighton,Southampton,1,1,1.41,5.6,8.6,1.46,3.05
121,E0,30/11/2024,Brentford,Leicester,4,1,1.69,4.4,5.3,1.62,2.54
122,E0,30/11/2024,Crystal Palace,Newcastle,1,1,3.15,3.65,2.42,1.86,2.12
123,E0,30/11/2024,Nott'm Forest,Ipswich,1,0,1.78,4.0,5.3,1.94,2.02
124,E0,30/11/2024,Wolves,Bournemouth,2,4,2.9,3.7,2.58,1.7,2.38
125,E0,30/11/2024,West Ham,Arsenal,2,5,7.6,5.0,1.48,1.73,2.32
126,E0,01/12/2024,Chelsea,Aston Villa,3,0,1.74,4.4,5.0,1.57,2.64
127,E0,01/12/2024,Man United,Everton,4,0,1.56,4.6,7.0,1.8,2.14
128,E0,01/12/2024,Tottenham,Fulham,1,1,1.75,4.6,4.5,1.46,3.0
129,E0,01/12/2024,Liverpool,Man City,2,0,2.14,3.85,3.55,1.57,2.58
130,E0,03/12/2024,Ipswich,Crystal Palace,0,1,3.2,3.45,2.46,2.04,1.94
131,E0,03/12/2024,Leicester,West Ham,3,1,3.0,3.6,2.56,1.83,2.18
132,E0,04/12/2024,Everton,Wolves,4,0,2.24,3.55,3.65,2.06,1.9
133,E0,04/12/2024,Man City,Nott'm Forest,3,0,1.38,5.7,9.4,1.62,2.52
134,E0,04/12/2024,Newcastle,Liverpool,3,3,4.6,4.1,1.83,1.64,2.54
135,E0,04/12/2024,Southampton,Chelsea,1,5,9.6,6.0,1.36,1.46,3.05
136,E0,04/12/2024,Arsenal,Man United,2,0,1.47,5.0,7.8,1.67,2.44
137,E0,04/12/2024,Aston Villa,Brentford,3,1,1.85,4.1,4.5,1.61,2.5
138,E0,05/12/2024,Fulham,Brighton,3,1,2.46,3.7,3.05,1.65,2.44
139,E0,05/12/2024,Bournemouth,Tottenham,1,0,2.78,4.0,2.54,1.45,3.1
140,E0,07/12/2024,Aston Villa,Southampton,1,0,1.4,5.9,8.6,1.47,3.0
141,E0,07/12/2024,Brentford,Newcastle,4,2,3.0,3.85,2.42,1.6,2.6
142,E0,07/12/2024,Crystal Palace,Man City,2,2,5.8,4.4,1.65,1.67,2.44
143,E0,07/12/2024,Man United,Nott'm Forest,2,3,1.71,4.2,5.5,1.85,2.14
144,E0,08/12/2024,Fulham,Arsenal,1,1,6.0,4.4,1.64,1.83,2.14
145,E0,08/12/2024,Ipswich,Bournemouth,1,2,3.75,3.85,2.08,1.75,2.26
146,E0,08/12/2024,Leicester,Brighton,2,2,4.8,4.2,1.79,1.64,2.44
147,E0,08/12/2024,Tottenham,Chelsea,3,4,3.4,4.1,2.12,1.4,3.4
148,E0,09/12/2024,West Ham,Wolves,2,1,1.94,4.0,4.0,1.63,2.48
149,E0,14/12/2024,Arsenal,Everton,0,0,1.24,7.2,16.5,1.71,2.34
150,E0,14/12/2024,Liverpool,Fulham,2,2,1.34,6.2,10.0,1.53,2.8
151,E0,14/12/2024,Newcastle,Leicester,4,0,1.33,6.2,10.5,1.5,2.92
152,E0,14/12/2024,Wolves,Ipswich,1,2,1.98,3.9,4.1,1.77,2.24
153,E0,14/12/2024,Nott'm Forest,Aston Villa,2,1,2.76,3.45,2.82,1.94,2.04
154,E0,15/12/2024,Brighton,Crystal Palace,1,3,1.93,3.95,4.3,1.75,2.26
155,E0,15/12/2024,Man City,Man United,1,2,1.62,4.9,5.5,1.47,3.05
156,E0,15/12/2024,Chelsea,Brentford,2,1,1.35,6.4,9.4,1.35,3.65
157,E0,15/12/2024,Southampton,Tottenham,0,5,4.5,4.7,1.74,1.34,3.8
158,E0,16/12/2024,Bournemouth,West Ham,1,1,1.74,4.3,5.0,1.56,2.5
159,E0,21/12/2024,Aston Villa,Man City,2,1,3.4,3.9,2.2,1.62,2.56
160,E0,21/12/2024,Brentford,Nott'm Forest,0,2,2.44,3.65,3.1,1.75,2.26
161,E0,21/12/2024,Ipswich,Newcastle,0,4,5.0,4.1,1.78,1.68,2.4
162,E0,21/12/2024,West Ham,Brighton,1,1,2.94,3.85,2.48,1.54,2.76
163,E0,21/12/2024,Crystal Palace,Arsenal,1,5,6.6,4.3,1.59,1.89,2.08
164,E0,22/12/2024,Everton,Chelsea,0,0,5.6,4.4,1.66,1.7,2.38
165,E0,22/12/2024,Fulham,Southampton,0,0,1.43,5.3,8.2,1.6,2.6
166,E0,22/12/2024,Leicester,Wolves,0,3,2.62,3.7,2.84,1.7,2.36
167,E0,22/12/2024,Man United,Bournemouth,0,3,1.87,4.1,4.4,1.64,2.5
168,E0,22/12/2024,Tottenham,Liverpool,3,6,4.6,4.5,1.77,1.34,3.85
169,E0,26/12/2024,Man City,Everton,1,1,1.36,6.0,9.6,1.64,2.54
170,E0,26/12/2024,Bournemouth,Crystal Palace,0,0,1.96,3.9,4.1,1.75,2.28
171,E0,26/12/2024,Chelsea,Fulham,1,2,1.49,5.3,7.0,1.5,2.96
172,E0,26/12/2024,Newcastle,Aston Villa,3,0,1.97,4.0,3.95,1.64,2.5
173,E0,26/12/2024,Nott'm Forest,Tottenham,1,0,2.42,3.9,2.98,1.51,2.86
174,E0,26/12/2024,Southampton,West Ham,0,1,3.4,3.7,2.28,1.73,2.32
175,E0,26/12/2024,Wolves,Man United,2,0,4.0,3.8,2.02,1.75,2.3
176,E0,26/12/2024,Liverpool,Leicester,3,1,1.1,14.5,30.0,1.24,4.8
177,E0,27/12/2024,Brighton,Brentford,0,0,1.68,4.6,5.2,1.48,3.0
178,E0,27/12/2024,Arsenal,Ipswich,1,0,1.17,10.0,21.0,1.43,3.25
179,E0,29/12/2024,Leicester,Man City,0,2,9.0,6.0,1.37,1.41,3.25
180,E0,29/12/2024,Crystal Palace,Southampton,2,1,1.64,4.3,6.0,1.8,2.2
181,E0,29/12/2024,Everton,Nott'm Forest,0,2,2.8,3.25,2.94,2.32,1.71
182,E0,29/12/2024,Fulham,Bournemouth,2,2,2.44,3.7,3.1,1.74,2.28
183,E0,29/12/2024,Tottenham,Wolves,2,2,1.68,5.0,4.7,1.35,3.65
184,E0,29/12/2024,West Ham,Liverpool,0,5,7.6,5.7,1.44,1.43,3.15
185,E0,30/12/2024,Aston Villa,Brighton,2,2,2.0,3.8,3.75,1.56,2.28
186,E0,30/12/2024,Ipswich,Chelsea,2,0,7.4,5.1,1.43,1.42,2.72
187,E0,30/12/2024,Man United,Newcastle,0,2,2.82,3.7,2.6,1.65,2.38
188,E0,01/01/2025,Brentford,Arsenal,1,3,7.4,5.1,1.49,1.58,2.62
189,E0,04/01/2025,Tottenham,Newcastle,1,2,3.05,4.1,2.3,1.37,3.6
190,E0,04/01/2025,Aston Villa,Leicester,2,1,1.35,5.9,10.5,1.53,2.78
191,E0,04/01/2025,Bournemouth,Everton,1,0,1.78,4.0,5.2,1.92,2.06
192,E0,04/01/2025,Crystal Palace,Chelsea,1,1,3.9,4.0,2.0,1.62,2.54
193,E0,04/01/2025,Man City,West Ham,4,1,1.33,6.8,9.4,1.39,3.4
194,E0,04/01/2025,Southampton,Brentford,0,5,2.92,3.65,2.58,1.71,2.38
195,E0,04/01/2025,Brighton,Arsenal,1,1,4.7,4.0,1.83,1.76,2.28
196,E0,05/01/2025,Fulham,Ipswich,2,2,1.59,4.5,6.2,1.76,2.24
197,E0,05/01/2025,Liverpool,Man United,2,2,1.31,6.6,11.0,1.45,3.1
198,E0,06/01/2025,Wolves,Nott'm Forest,0,3,3.4,3.4,2.4,2.16,1.84
199,E0,14/01/2025,Brentford,Man City,2,2,5.3,4.6,1.67,1.42,3.3
200,E0,14/01/2025,Chelsea,Bournemouth,2,2,1.55,5.0,6.2,1.47,3.1
201,E0,14/01/2025,West Ham,Fulham,3,2,3.1,3.55,2.5,1.89,2.12
202,E0,14/01/2025,Nott'm Forest,Liverpool,1,1,5.6,4.3,1.68,1.68,2.44
203,E0,15/01/2025,Everton,Aston Villa,0,1,3.35,3.35,2.46,2.18,1.81
204,E0,15/01/2025,Leicester,Crystal Palace,0,2,4.0,3.85,2.0,1.79,2.22
205,E0,15/01/2025,Newcastle,Wolves,3,0,1.37,5.9,9.4,1.48,2.98
206,E0,15/01/2025,Arsenal,Tottenham,2,1,1.45,5.5,7.6,1.47,3.0
207,E0,16/01/2025,Ipswich,Brighton,0,2,4.0,3.8,2.02,1.76,2.26
208,E0,16/01/2025,Man United,Southampton,3,1,1.32,6.4,11.0,1.55,2.7
209,E0,18/01/2025,Newcastle,Bournemouth,1,4,1.69,4.4,5.4,1.61,2.6
210,E0,18/01/2025,Brentford,Liverpool,0,2,7.2,5.5,1.46,1.39,3.4
211,E0,18/01/2025,Leicester,Fulham,0,2,4.5,3.9,1.91,1.8,2.22
212,E0,18/01/2025,West Ham,Crystal Palace,0,2,2.74,3.5,2.82,1.84,2.14
213,E0,18/01/2025,Arsenal,Aston Villa,2,2,1.55,4.5,7.2,1.91,2.06
214,E0,19/01/2025,Everton,Tottenham,3,2,2.9,3.7,2.56,1.76,2.28
215,E0,19/01/2025,Man United,Brighton,1,3,2.12,3.85,3.65,1.73,2.34
216,E0,19/01/2025,Nott'm Forest,Southampton,3,2,1.44,5.1,8.6,1.8,2.18
217,E0,19/01/2025,Ipswich,Man City,0,6,8.8,5.7,1.39,1.49,2.92
218,E0,20/01/2025,Chelsea,Wolves,3,1,1.42,5.7,8.2,1.37,3.05
219,E0,25/01/2025,Bournemouth,Nott'm Forest,5,0,2.14,3.75,3.65,1.88,2.1
220,E0,25/01/2025,Brighton,Everton,0,1,1.73,3.95,5.8,1.97,2.0
221,E0,25/01/2025,Liverpool,Ipswich,4,1,1.12,14.5,26.0,1.28,4.3
222,E0,25/01/2025,Southampton,Newcastle,1,3,7.6,5.4,1.45,1.48,2.94
223,E0,25/01/2025,Wolves,Arsenal,0,1,7.6,5.0,1.49,1.78,2.22
224,E0,25/01/2025,Man City,Chelsea,3,1,2.08,4.1,3.5,1.44,3.2
225,E0,26/01/2025,Crystal Palace,Brentford,1,2,2.12,3.75,3.65,1.82,2.18
226,E0,26/01/2025,Tottenham,Leicester,1,2,1.49,5.6,6.4,1.37,3.5
227,E0,26/01/2025,Aston Villa,West Ham,1,1,1.61,4.5,6.2,1.72,2.3
228,E0,26/01/2025,Fulham,Man United,0,1,2.42,3.5,3.25,1.94,2.02
229,E0,01/02/2025,Nott'm Forest,Brighton,7,0,2.56,3.55,3.05,2.02,1.95
230,E0,01/02/2025,Bournemouth,Liverpool,0,2,4.8,4.6,1.72,1.51,2.9
231,E0,01/02/2025,Everton,Leicester,4,0,1.85,3.8,5.0,2.1,1.88
232,E0,01/02/2025,Ipswich,Southampton,1,2,2.06,3.7,4.0,1.8,2.2
233,E0,01/02/2025,Newcastle,Fulham,1,2,1.78,4.0,5.0,1.7,2.4
234,E0,01/02/2025,Wolves,Aston Villa,2,0,3.55,3.75,2.18,1.75,2.28
235,E0,02/02/2025,Brentford,Tottenham,0,2,2.18,4.2,3.25,1.38,3.5
236,E0,02/02/2025,Man United,Crystal Palace,0,2,2.08,3.6,4.1,1.89,2.08
237,E0,02/02/2025,Arsenal,Man City,5,1,2.02,3.65,4.1,1.77,2.24
238,E0,03/02/2025,Chelsea,West Ham,2,1,1.39,6.0,8.6,1.43,2.94
239,E0,12/02/2025,Everton,Liverpool,2,2,8.0,5.0,1.48,1.75,2.28
240,E0,14/02/2025,Brighton,Chelsea,3,0,3.0,3.7,2.5,1.65,2.48
241,E0,15/02/2025,Leicester,Arsenal,0,2,11.0,5.8,1.34,1.76,2.26
242,E0,15/02/2025,Aston Villa,Ipswich,1,1,1.45,5.2,8.2,1.63,2.5
243,E0,15/02/2025,Fulham,Nott'm Forest,2,1,2.3,3.4,3.55,2.14,1.83
244,E0,15/02/2025,Man City,Newcastle,4,0,2.0,4.3,3.65,1.5,2.98
245,E0,15/02/2025,Southampton,Bournemouth,1,3,6.2,4.8,1.56,1.54,2.76
246,E0,15/02/2025,West Ham,Brentford,0,1,2.48,3.75,2.98,1.65,2.48
247,E0,15/02/2025,Crystal Palace,Everton,1,2,1.87,3.6,5.2,2.36,1.71
248,E0,16/02/2025,Liverpool,Wolves,2,1,1.21,8.8,15.5,1.4,3.3
249,E0,16/02/2025,Tottenham,Man United,1,0,2.48,3.9,2.86,1.54,2.8
250,E0,19/02/2025,Aston Villa,Liverpool,2,2,4.1,4.1,1.92,1.6,2.58
251,E0,21/02/2025,Leicester,Brentford,0,4,3.9,4.0,2.0,1.64,2.56
252,E0,22/02/2025,Everton,Man United,2,2,2.68,3.25,3.05,2.28,1.76
253,E0,22/02/2025,Arsenal,West Ham,0,1,1.28,6.6,13.0,1.74,2.28
254,E0,22/02/2025,Bournemouth,Wolves,0,1,1.61,4.5,6.0,1.63,2.54
255,E0,22/02/2025,Fulham,Crystal Palace,0,2,2.12,3.55,3.9,2.04,1.92
256,E0,22/02/2025,Ipswich,Tottenham,1,4,4.2,4.0,1.93,1.55,2.68
257,E0,22/02/2025,Southampton,Brighton,0,4,6.2,4.6,1.6,1.61,2.54
258,E0,22/02/2025,Aston Villa,Chelsea,2,1,2.7,3.8,2.7,1.61,2.54
259,E0,23/02/2025,Newcastle,Nott'm Forest,4,3,1.86,4.0,4.4,1.71,2.32
260,E0,23/02/2025,Man City,Liverpool,0,2,3.0,4.1,2.32,1.44,3.1
261,E0,25/02/2025,Brighton,Bournemouth,2,1,2.14,3.95,3.5,1.67,2.46
262,E0,25/02/2025,Crystal Palace,Aston Villa,4,1,2.64,3.5,2.94,1.94,2.04
263,E0,25/02/2025,Wolves,Fulham,1,2,2.8,3.45,2.78,2.1,1.89
264,E0,25/02/2025,Chelsea,Southampton,4,0,1.19,9.6,17.5,1.32,4.0
265,E0,26/02/2025,Brentford,Everton,1,1,2.1,3.8,3.75,1.88,2.08
266,E0,26/02/2025,Man United,Ipswich,3,2,1.56,4.8,6.6,1.69,2.4
267,E0,26/02/2025,Nott'm Forest,Arsenal,0,0,4.1,3.65,2.06,2.24,1.78
268,E0,26/02/2025,Tottenham,Man City,0,1,3.45,4.2,2.1,1.39,3.45
269,E0,26/02/2025,Liverpool,Newcastle,2,0,1.54,5.2,6.2,1.49,2.98
270,E0,27/02/2025,West Ham,Leicester,2,0,1.67,4.4,5.5,1.75,2.28
271,E0,08/03/2025,Nott'm Forest,Man City,1,0,4.1,4.0,1.94,1.6,2.6
272,E0,08/03/2025,Brighton,Fulham,2,1,2.06,3.7,3.95,1.8,2.2
273,E0,08/03/2025,Crystal Palace,Ipswich,1,0,1.52,4.7,7.4,1.83,2.18
274,E0,08/03/2025,Liverpool,Southampton,3,1,1.15,11.0,22.0,1.29,4.2
275,E0,08/03/2025,Brentford,Aston Villa,0,1,2.34,3.95,3.05,1.55,2.74
276,E0,08/03/2025,Wolves,Everton,1,1,2.8,3.2,2.98,2.34,1.73
277,E0,09/03/2025,Chelsea,Leicester,1,0,1.22,8.8,14.0,1.38,3.45
278,E0,09/03/2025,Tottenham,Bournemouth,2,2,2.84,4.0,2.46,1.44,3.1
279,E0,09/03/2025,Man United,Arsenal,1,1,6.0,3.7,1.76,2.3,1.76
280,E0,10/03/2025,West Ham,Newcastle,0,1,3.35,3.65,2.28,1.75,2.28
281,E0,15/03/2025,Everton,West Ham,1,1,2.18,3.35,4.0,2.42,1.69
282,E0,15/03/2025,Ipswich,Nott'm Forest,2,4,4.0,3.7,2.04,1.92,2.06
283,E0,15/03/2025,Man City,Brighton,2,2,1.7,4.6,5.0,1.55,2.78
284,E0,15/03/2025,Southampton,Wolves,1,2,3.95,3.65,2.1,1.86,2.12
285,E0,15/03/2025,Bournemouth,Brentford,1,2,1.8,4.3,4.5,1.53,2.82
286,E0,16/03/2025,Arsenal,Chelsea,1,0,1.86,3.9,4.8,1.95,2.0
287,E0,16/03/2025,Fulham,Tottenham,2,0,2.08,3.95,3.7,1.63,2.52
288,E0,16/03/2025,Leicester,Man United,0,3,4.6,3.85,1.88,1.84,2.12
289,E0,01/04/2025,Arsenal,Fulham,2,1,1.51,4.3,9.0,2.24,1.79
290,E0,01/04/2025,Wolves,West Ham,1,0,2.66,3.3,3.05,2.28,1.76
291,E0,01/04/2025,Nott'm Forest,Man United,1,0,2.38,3.5,3.3,2.02,1.97
292,E0,02/04/2025,Bournemouth,Ipswich,1,2,1.41,5.6,8.6,1.56,2.68
293,E0,02/04/2025,Brighton,Aston Villa,0,3,2.2,3.95,3.4,1.66,2.48
294,E0,02/04/2025,Man City,Leicester,2,0,1.22,8.6,15.0,1.42,3.25
295,E0,02/04/2025,Newcastle,Brentford,2,1,1.78,4.6,4.5,1.51,2.84
296,E0,02/04/2025,Southampton,Crystal Palace,1,1,6.2,4.2,1.65,1.82,2.16
297,E0,02/04/2025,Liverpool,Everton,1,0,1.38,5.4,10.5,1.8,2.2
298,E0,03/04/2025,Chelsea,Tottenham,1,0,1.7,4.8,4.8,1.45,3.1
299,E0,05/04/2025,Everton,Arsenal,1,1,5.8,3.5,1.84,2.44,1.68
300,E0,05/04/2025,Crystal Palace,Brighton,2,1,2.5,3.6,3.05,1.83,2.18
301,E0,05/04/2025,Ipswich,Wolves,1,2,2.84,3.4,2.76,2.2,1.81
302,E0,05/04/2025,West Ham,Bournemouth,2,2,3.1,3.6,2.48,1.86,2.12
303,E0,05/04/2025,Aston Villa,Nott'm Forest,2,1,2.04,3.75,3.95,1.89,2.1
304,E0,06/04/2025,Brentford,Chelsea,0,0,3.4,3.85,2.2,1.59,2.5
305,E0,06/04/2025,Fulham,Liverpool,3,2,4.6,3.9,1.9,1.84,2.14
306,E0,06/04/2025,Tottenham,Southampton,3,1,1.42,5.9,7.6,1.43,3.1
307,E0,06/04/2025,Man United,Man City,0,0,3.5,3.75,2.2,1.74,2.28
308,E0,07/04/2025,Leicester,Newcastle,0,3,7.2,4.8,1.51,1.57,2.26
309,E0,12/04/2025,Man City,Crystal Palace,5,2,1.55,4.9,6.4,1.59,2.62
310,E0,12/04/2025,Brighton,Leicester,2,2,1.3,6.4,12.5,1.66,2.44
311,E0,12/04/2025,Nott'm Forest,Everton,0,1,2.16,3.4,4.0,2.3,1.73
312,E0,12/04/2025,Southampton,Aston Villa,0,3,6.2,4.6,1.58,1.62,2.5
313,E0,12/04/2025,Arsenal,Brentford,1,1,1.64,4.4,5.8,1.81,2.18
314,E0,13/04/2025,Chelsea,Ipswich,2,2,1.3,6.8,10.5,1.5,2.88
315,E0,13/04/2025,Liverpool,West Ham,2,1,1.32,6.4,11.0,1.58,2.62
316,E0,13/04/2025,Wolves,Tottenham,4,2,2.28,3.7,3.35,1.73,2.28
317,E0,13/04/2025,Newcastle,Man United,4,1,1.67,4.4,5.5,1.7,2.34
318,E0,14/04/2025,Bournemouth,Fulham,1,0,2.2,3.65,3.55,1.69,2.16
319,E0,16/04/2025,Newcastle,Crystal Palace,5,0,1.75,4.1,5.3,1.73,2.3
320,E0,19/04/2025,Brentford,Brighton,4,2,2.6,3.75,2.84,1.65,2.44
321,E0,19/04/2025,Crystal Palace,Bournemouth,0,0,2.66,3.6,2.82,1.84,2.14
322,E0,19/04/2025,Everton,Man City,0,2,4.1,3.75,2.02,1.89,2.1
323,E0,19/04/2025,West Ham,Southampton,1,1,1.55,4.6,7.0,1.75,2.24
324,E0,19/04/2025,Aston Villa,Newcastle,4,1,2.46,3.7,3.0,1.7,2.38
325,E0,20/04/2025,Fulham,Chelsea,1,2,2.98,3.65,2.52,1.79,1.94
326,E0,20/04/2025,Ipswich,Arsenal,0,4,9.2,5.0,1.44,1.79,2.22
327,E0,20/04/2025,Man United,Wolves,0,1,2.1,3.65,3.9,2.04,1.94
328,E0,20/04/2025,Leicester,Liverpool,0,1,13.5,7.2,1.26,1.49,2.92
329,E0,21/04/2025,Tottenham,Nott'm Forest,1,2,2.6,3.8,2.78,1.57,2.28
330,E0,22/04/2025,Man City,Aston Villa,2,1,1.9,4.2,4.1,1.56,2.74
331,E0,23/04/2025,Arsenal,Crystal Palace,2,2,1.41,5.1,9.8,1.9,2.04
332,E0,26/04/2025,Chelsea,Everton,1,0,1.62,4.2,6.6,1.91,2.08
333,E0,26/04/2025,Brighton,West Ham,3,2,1.76,4.2,5.1,1.73,2.34
334,E0,26/04/2025,Newcastle,Ipswich,3,0,1.21,8.4,18.0,1.38,3.55
335,E0,26/04/2025,Southampton,Fulham,1,2,5.8,4.3,1.67,1.75,2.26
336,E0,26/04/2025,Wolves,Leicester,3,0,1.59,4.4,6.8,1.81,2.18
337,E0,27/04/2025,Bournemouth,Man United,1,1,1.72,4.3,5.0,1.74,2.3
338,E0,27/04/2025,Liverpool,Tottenham,5,1,1.27,7.2,11.5,1.36,3.65
339,E0,01/05/2025,Nott'm Forest,Brentford,0,2,2.26,3.7,3.45,1.86,2.1
340,E0,02/05/2025,Man City,Wolves,1,0,1.43,5.3,8.6,1.58,2.68
341,E0,03/05/2025,Aston Villa,Fulham,1,0,1.84,4.0,4.7,1.78,2.24
342,E0,03/05/2025,Everton,Ipswich,2,2,1.52,4.5,8.0,1.98,1.98
343,E0,03/05/2025,Leicester,Southampton,2,0,2.44,3.75,3.05,1.81,2.2
344,E0,03/05/2025,Arsenal,Bournemouth,1,2,2.16,3.7,3.65,1.89,2.1
345,E0,04/05/2025,Brentford,Man United,4,3,1.76,4.3,4.9,1.7,2.38
346,E0,04/05/2025,Brighton,Newcastle,1,1,2.94,3.9,2.42,1.59,2.62
347,E0,04/05/2025,West Ham,Tottenham,1,1,2.14,3.85,3.5,1.62,2.52
348,E0,04/05/2025,Chelsea,Liverpool,3,1,2.24,3.9,3.3,1.6,2.58
349,E0,05/05/2025,Crystal Palace,Nott'm Forest,1,1,2.38,3.45,3.35,1.93,1.79
350,E0,10/05/2025,Fulham,Everton,1,3,1.9,3.65,4.9,1.95,1.76
351,E0,10/05/2025,Ipswich,Brentford,0,1,5.6,4.4,1.68,1.55,2.72
352,E0,10/05/2025,Southampton,Man City,0,0,15.0,8.6,1.22,1.33,3.0
353,E0,10/05/2025,Wolves,Brighton,0,2,2.96,3.6,2.56,1.71,2.24
354,E0,10/05/2025,Bournemouth,Aston Villa,0,1,2.58,3.8,2.8,1.59,2.3
355,E0,11/05/2025,Newcastle,Chelsea,2,0,2.28,3.85,3.3,1.53,2.44
356,E0,11/05/2025,Man United,West Ham,0,2,2.04,3.8,3.85,1.73,2.1
357,E0,11/05/2025,Nott'm Forest,Leicester,2,2,1.38,5.6,10.0,1.63,2.16
358,E0,11/05/2025,Tottenham,Crystal Palace,0,2,2.82,3.7,2.58,1.61,2.52
359,E0,11/05/2025,Liverpool,Arsenal,2,2,2.24,3.6,3.5,1.83,2.06
360,E0,16/05/2025,Aston Villa,Tottenham,2,0,1.35,6.2,9.6,1.41,3.35
361,E0,16/05/2025,Chelsea,Man United,1,0,1.48,5.2,7.2,1.55,2.78
362,E0,18/05/2025,Everton,Southampton,2,0,1.43,5.1,8.8,1.83,2.16
363,E0,18/05/2025,West Ham,Nott'm Forest,1,2,2.92,3.5,2.64,2.0,1.96
364,E0,18/05/2025,Brentford,Fulham,2,3,1.99,4.0,3.9,1.69,2.38
365,E0,18/05/2025,Leicester,Ipswich,2,0,2.38,3.7,3.1,1.78,2.2
366,E0,18/05/2025,Arsenal,Newcastle,1,0,2.04,3.75,4.0,1.82,2.18
367,E0,19/05/2025,Brighton,Liverpool,3,2,2.74,3.95,2.52,1.44,2.6
368,E0,20/05/2025,Crystal Palace,Wolves,4,2,2.4,3.4,3.35,1.07,1.16
369,E0,20/05/2025,Man City,Bournemouth,3,1,1.57,4.7,6.2,1.04,2.66
370,E0,25/05/2025,Bournemouth,Leicester,2,0,1.37,5.8,9.6,1.53,2.76
371,E0,25/05/2025,Fulham,Man City,0,2,5.6,4.6,1.64,1.56,2.66
372,E0,25/05/2025,Ipswich,West Ham,1,3,3.15,3.9,2.28,1.56,2.54
373,E0,25/05/2025,Liverpool,Crystal Palace,1,1,1.44,6.0,7.0,1.36,3.5
374,E0,25/05/2025,Man United,Aston Villa,2,0,4.7,4.3,1.79,1.62,2.48
375,E0,25/05/2025,Newcastle,Everton,0,1,1.35,6.2,9.6,1.58,2.62
376,E0,25/05/2025,Nott'm Forest,Chelsea,0,1,3.3,3.9,2.24,1.77,2.28
377,E0,25/05/2025,Southampton,Arsenal,1,2,11.5,6.4,1.31,1.52,2.78
378,E0,25/05/2025,Tottenham,Brighton,1,4,4.4,4.7,1.75,1.35,3.65
379,E0,25/05/2025,Wolves,Brentford,1,1,2.86,3.85,2.54,1.55,2.74
0,E0,15/08/2025,Liverpool,Bournemouth,4,2,1.34,6.6,9.4,1.4,3.4
1,E0,16/08/2025,Aston Villa,Newcastle,0,0,2.4,3.75,3.1,1.72,2.36
2,E0,16/08/2025,Brighton,Fulham,1,1,1.99,3.85,4.2,1.78,2.22
3,E0,16/08/2025,Sunderland,West Ham,3,0,3.35,3.5,2.34,2.02,1.96
4,E0,16/08/2025,Tottenham,Burnley,3,0,1.42,5.2,9.6,1.75,2.28
5,E0,16/08/2025,Wolves,Man City,0,4,7.4,5.2,1.47,1.67,2.44
6,E0,17/08/2025,Chelsea,Crystal Palace,0,0,1.67,4.5,5.4,1.71,2.36
7,E0,17/08/2025,Nott'm Forest,Brentford,3,1,2.24,3.55,3.55,2.06,1.91
8,E0,17/08/2025,Man United,Arsenal,0,1,3.9,3.75,2.06,1.92,2.06
9,E0,18/08/2025,Leeds,Everton,1,0,2.46,3.45,3.2,2.14,1.83
10,E0,22/08/2025,West Ham,Chelsea,1,5,5.1,4.0,1.78,1.83,2.18
11,E0,23/08/2025,Man City,Tottenham,0,2,1.52,5.1,6.6,1.53,2.86
12,E0,23/08/2025,Bournemouth,Wolves,1,0,1.85,4.0,4.6,1.8,2.2
13,E0,23/08/2025,Brentford,Aston Villa,1,0,3.3,3.65,2.34,1.87,2.1
14,E0,23/08/2025,Burnley,Sunderland,2,0,2.32,3.25,3.7,2.48,1.65
15,E0,23/08/2025,Arsenal,Leeds,5,0,1.3,6.6,12.0,1.62,2.58
16,E0,24/08/2025,Crystal Palace,Nott'm Forest,1,1,2.46,3.35,3.25,2.22,1.8
17,E0,24/08/2025,Everton,Brighton,2,0,3.25,3.45,2.44,2.12,1.84
18,E0,24/08/2025,Fulham,Man United,1,1,3.5,3.65,2.24,1.9,2.08
19,E0,25/08/2025,Newcastle,Liverpool,2,3,3.45,3.95,2.12,1.58,2.58
20,E0,30/08/2025,Chelsea,Fulham,2,0,1.62,4.4,6.0,1.74,2.28
21,E0,30/08/2025,Man United,Burnley,3,2,1.39,5.6,9.2,1.7,2.4
22,E0,30/08/2025,Sunderland,Brentford,2,1,3.15,3.35,2.58,2.2,1.79
23,E0,30/08/2025,Tottenham,Bournemouth,0,1,1.79,4.3,4.6,1.63,2.52
24,E0,30/08/2025,Wolves,Everton,2,3,2.9,3.25,2.84,2.3,1.72
25,E0,30/08/2025,Leeds,Newcastle,0,0,3.7,3.65,2.16,1.89,2.08
26,E0,31/08/2025,Brighton,Man City,2,1,4.0,4.0,1.95,1.63,2.54
27,E0,31/08/2025,Nott'm Forest,West Ham,0,3,1.72,4.0,5.5,2.02,1.94
28,E0,31/08/2025,Liverpool,Arsenal,1,0,2.28,3.55,3.45,1.8,2.2
29,E0,31/08/2025,Aston Villa,Crystal Palace,0,3,1.92,3.65,4.5,2.08,1.89
30,E0,13/09/2025,Arsenal,Nott'm Forest,3,0,1.4,5.3,9.6,1.75,2.28
31,E0,13/09/2025,Bournemouth,Brighton,2,1,2.46,3.65,3.05,1.76,2.28
32,E0,13/09/2025,Crystal Palace,Sunderland,0,0,1.75,3.85,5.8,2.28,1.75
33,E0,13/09/2025,Everton,Aston Villa,0,0,2.54,3.4,3.15,2.1,1.86
34,E0,13/09/2025,Fulham,Leeds,1,0,2.02,3.65,4.2,2.12,1.88
35,E0,13/09/2025,Newcastle,Wolves,1,0,1.47,4.9,8.2,1.84,2.14
36,E0,13/09/2025,West Ham,Tottenham,0,3,3.6,3.75,2.16,1.81,2.16
37,E0,13/09/2025,Brentford,Chelsea,2,2,4.9,4.0,1.82,1.8,2.2
38,E0,14/09/2025,Burnley,Liverpool,0,1,9.6,5.8,1.37,1.58,2.62
39,E0,14/09/2025,Man City,Man United,3,0,1.82,4.1,4.6,1.62,2.56
40,E0,20/09/2025,Liverpool,Everton,2,1,1.49,4.9,8.0,1.65,2.5
41,E0,20/09/2025,Brighton,Tottenham,2,2,2.38,3.7,3.15,1.73,2.32
42,E0,20/09/2025,Burnley,Nott'm Forest,1,1,3.5,3.45,2.3,2.04,1.94
43,E0,20/09/2025,West Ham,Crystal Palace,1,2,3.15,3.45,2.5,2.1,1.87
44,E0,20/09/2025,Wolves,Leeds,1,3,2.88,3.2,2.88,2.38,1.69
45,E0,20/09/2025,Man United,Chelsea,2,1,2.8,3.8,2.58,1.63,2.56
46,E0,20/09/2025,Fulham,Brentford,3,1,2.08,3.55,4.0,2.02,1.95
47,E0,21/09/2025,Bournemouth,Newcastle,0,0,2.52,3.6,2.98,1.91,2.08
48,E0,21/09/2025,Sunderland,Aston Villa,1,1,3.75,3.4,2.22,2.26,1.75
49,E0,21/09/2025,Arsenal,Man City,1,1,1.97,3.85,4.1,1.89,2.1
50,E0,27/09/2025,Brentford,Man United,3,1,3.7,3.95,2.08,1.72,2.34
51,E0,27/09/2025,Chelsea,Brighton,1,3,1.96,4.0,4.1,1.66,2.48
52,E0,27/09/2025,Crystal Palace,Liverpool,2,1,4.2,3.85,1.97,1.83,2.18
53,E0,27/09/2025,Leeds,Bournemouth,2,2,3.15,3.4,2.54,2.12,1.87
54,E0,27/09/2025,Man City,Burnley,5,1,1.19,9.2,19.5,1.47,3.0
55,E0,27/09/2025,Nott'm Forest,Sunderland,0,1,1.83,3.8,5.1,2.12,1.87
56,E0,27/09/2025,Tottenham,Wolves,1,1,1.49,5.1,7.2,1.75,2.28
57,E0,28/09/2025,Aston Villa,Fulham,3,1,2.38,3.25,3.6,2.28,1.77
58,E0,28/09/2025,Newcastle,Arsenal,1,2,3.75,3.45,2.24,2.28,1.77
59,E0,29/09/2025,Everton,West Ham,1,1,1.73,3.9,5.5,1.99,1.96
60,E0,03/10/2025,Bournemouth,Fulham,3,1,2.06,3.65,4.1,2.06,1.91
61,E0,04/10/2025,Leeds,Tottenham,1,2,2.86,3.55,2.68,2.0,1.97
62,E0,04/10/2025,Arsenal,West Ham,2,0,1.22,7.8,17.5,1.59,2.62
63,E0,04/10/2025,Man United,Sunderland,2,0,1.53,4.9,6.6,1.67,2.46
64,E0,04/10/2025,Chelsea,Liverpool,2,1,3.0,3.85,2.42,1.57,2.72
65,E0,05/10/2025,Aston Villa,Burnley,2,1,1.64,4.0,6.4,2.02,1.94
66,E0,05/10/2025,Everton,Crystal Palace,2,1,2.6,3.3,3.1,2.28,1.75
67,E0,05/10/2025,Newcastle,Nott'm Forest,2,0,1.59,4.5,6.2,1.79,2.22
68,E0,05/10/2025,Wolves,Brighton,1,1,3.85,3.8,2.08,1.89,2.1
69,E0,05/10/2025,Brentford,Man City,0,1,5.2,4.6,1.67,1.62,2.56
70,E0,18/10/2025,Nott'm Forest,Chelsea,0,3,3.9,3.95,2.02,1.75,2.3
71,E0,18/10/2025,Brighton,Newcastle,2,1,2.82,3.6,2.66,1.91,2.04
72,E0,18/10/2025,Burnley,Leeds,2,0,3.55,3.35,2.32,2.4,1.69
73,E0,18/10/2025,Crystal Palace,Bournemouth,3,3,2.32,3.45,3.5,2.0,1.96
74,E0,18/10/2025,Man City,Everton,2,0,1.42,5.3,8.8,1.74,2.28
75,E0,18/10/2025,Sunderland,Wolves,2,0,2.56,3.15,3.3,2.62,1.6
76,E0,18/10/2025,Fulham,Arsenal,0,1,6.8,4.5,1.57,2.04,1.93
77,E0,19/10/2025,Tottenham,Aston Villa,1,2,2.16,3.8,3.6,1.92,2.06
78,E0,19/10/2025,Liverpool,Man United,1,2,1.64,4.6,5.5,1.48,2.96
79,E0,20/10/2025,West Ham,Brentford,0,2,2.68,3.5,2.9,1.92,1.98
80,E0,24/10/2025,Leeds,West Ham,2,1,1.87,3.75,4.9,2.16,1.85
81,E0,25/10/2025,Chelsea,Sunderland,1,2,1.42,5.2,9.4,1.76,2.28
82,E0,25/10/2025,Newcastle,Fulham,2,1,1.68,4.1,6.0,2.0,1.97
83,E0,25/10/2025,Man United,Brighton,4,2,2.06,4.0,3.7,1.54,2.7
84,E0,25/10/2025,Brentford,Liverpool,3,2,4.5,4.2,1.81,1.58,2.68
85,E0,26/10/2025,Arsenal,Crystal Palace,1,0,1.44,5.0,8.6,1.79,2.2
86,E0,26/10/2025,Aston Villa,Man City,1,0,4.6,4.0,1.85,1.81,2.18
87,E0,26/10/2025,Bournemouth,Nott'm Forest,2,0,1.84,4.0,4.6,1.94,2.02
88,E0,26/10/2025,Wolves,Burnley,2,3,1.99,3.4,4.7,2.4,1.69
89,E0,26/10/2025,Everton,Tottenham,0,3,2.42,3.45,3.2,2.02,1.96
90,E0,01/11/2025,Brighton,Leeds,3,0,1.94,3.85,4.4,1.9,2.08
91,E0,01/11/2025,Burnley,Arsenal,0,2,12.5,6.2,1.3,1.82,2.16
92,E0,01/11/2025,Crystal Palace,Brentford,2,0,1.99,3.8,4.2,1.8,2.22
93,E0,01/11/2025,Fulham,Wolves,3,0,1.93,3.6,4.8,2.36,1.71
94,E0,01/11/2025,Nott'm Forest,Man United,2,2,3.65,3.9,2.1,1.81,2.2
95,E0,01/11/2025,Tottenham,Chelsea,0,1,2.88,3.65,2.62,1.77,2.26
96,E0,01/11/2025,Liverpool,Aston Villa,2,0,1.68,4.5,5.2,1.58,2.66
97,E0,02/11/2025,West Ham,Newcastle,3,1,5.4,4.4,1.68,1.82,2.16
98,E0,02/11/2025,Man City,Bournemouth,3,1,1.55,4.8,6.4,1.59,2.6
99,E0,03/11/2025,Sunderland,Everton,1,1,2.9,3.2,2.86,2.46,1.66
100,E0,08/11/2025,Tottenham,Man United,2,2,2.82,3.65,2.66,1.72,2.36
101,E0,08/11/2025,Everton,Fulham,2,0,2.32,3.4,3.55,2.26,1.78
102,E0,08/11/2025,West Ham,Burnley,3,2,1.98,3.7,4.4,2.12,1.86
103,E0,08/11/2025,Sunderland,Arsenal,2,2,9.2,5.1,1.42,2.16,1.84
104,E0,08/11/2025,Chelsea,Wolves,3,0,1.39,5.5,9.4,1.71,2.38
105,E0,09/11/2025,Aston Villa,Bournemouth,4,0,2.28,3.6,3.45,1.91,2.06
106,E0,09/11/2025,Brentford,Newcastle,3,1,2.96,3.55,2.58,1.93,2.04
107,E0,09/11/2025,Crystal Palace,Brighton,0,0,2.38,3.6,3.25,1.78,2.24
108,E0,09/11/2025,Nott'm Forest,Leeds,3,1,2.32,3.45,3.45,2.16,1.84
109,E0,09/11/2025,Man City,Liverpool,3,0,1.94,4.1,4.0,1.51,2.94
110,E0,22/11/2025,Burnley,Chelsea,0,2,7.6,4.8,1.5,1.81,2.2
111,E0,22/11/2025,Bournemouth,West Ham,2,2,1.67,4.4,5.7,1.72,2.32
112,E0,22/11/2025,Brighton,Brentford,2,1,2.0,3.8,4.1,1.75,2.28
113,E0,22/11/2025,Fulham,Sunderland,1,0,2.2,3.35,3.95,2.38,1.68
114,E0,22/11/2025,Liverpool,Nott'm Forest,0,3,1.46,5.1,8.0,1.61,2.56
115,E0,22/11/2025,Wolves,Crystal Palace,0,2,4.2,3.65,2.0,2.12,1.86
116,E0,22/11/2025,Newcastle,Man City,2,1,3.85,3.85,2.06,1.78,2.26
117,E0,23/11/2025,Leeds,Aston Villa,1,2,3.15,3.35,2.54,2.22,1.76
118,E0,23/11/2025,Arsenal,Tottenham,4,1,1.44,5.0,9.4,1.9,2.08
119,E0,24/11/2025,Man United,Everton,0,1,1.8,4.1,4.8,1.79,2.18
120,E0,29/11/2025,Brentford,Burnley,3,1,1.51,4.7,7.8,1.85,2.14
121,E0,29/11/2025,Man City,Leeds,3,2,1.26,7.0,14.0,1.57,2.68
122,E0,29/11/2025,Sunderland,Bournemouth,3,2,3.25,3.5,2.44,2.02,1.94
123,E0,29/11/2025,Everton,Newcastle,1,4,2.86,3.4,2.74,2.12,1.87
124,E0,29/11/2025,Tottenham,Fulham,1,2,2.3,3.5,3.5,2.0,1.96
125,E0,30/11/2025,Crystal Palace,Man United,1,2,2.36,3.7,3.2,1.79,2.2
126,E0,30/11/2025,Aston Villa,Wolves,1,0,1.51,4.8,7.2,1.87,2.1
127,E0,30/11/2025,Nott'm Forest,Brighton,0,2,2.82,3.5,2.74,1.99,1.97
128,E0,30/11/2025,West Ham,Liverpool,0,2,4.5,4.4,1.79,1.57,2.68
129,E0,30/11/2025,Chelsea,Arsenal,1,1,3.55,3.45,2.3,2.02,1.93
130,E0,02/12/2025,Bournemouth,Everton,0,1,2.32,3.4,3.55,1.99,2.0
131,E0,02/12/2025,Fulham,Man City,4,5,5.1,4.3,1.74,1.71,2.36
132,E0,02/12/2025,Newcastle,Tottenham,2,2,1.88,3.95,4.5,1.81,2.2
133,E0,03/12/2025,Arsenal,Brentford,2,0,1.37,5.6,10.5,1.8,2.18
134,E0,03/12/2025,Brighton,Aston Villa,3,4,2.22,3.65,3.55,1.94,2.04
135,E0,03/12/2025,Burnley,Crystal Palace,0,1,4.9,3.85,1.86,2.08,1.89
136,E0,03/12/2025,Wolves,Nott'm Forest,0,1,3.4,3.5,2.36,2.2,1.8
137,E0,03/12/2025,Leeds,Chelsea,3,1,4.4,4.0,1.87,1.88,2.1
138,E0,03/12/2025,Liverpool,Sunderland,1,1,1.39,5.7,9.2,1.61,2.54
139,E0,04/12/2025,Man United,West Ham,1,1,1.48,5.2,7.4,1.59,2.62
140,E0,06/12/2025,Aston Villa,Arsenal,2,1,4.4,3.6,1.99,2.16,1.82
141,E0,06/12/2025,Bournemouth,Chelsea,0,0,3.35,3.85,2.22,1.69,2.4
142,E0,06/12/2025,Everton,Nott'm Forest,3,0,2.28,3.35,3.75,2.26,1.77
143,E0,06/12/2025,Man City,Sunderland,3,0,1.28,6.8,13.0,1.57,2.72
144,E0,06/12/2025,Newcastle,Burnley,2,1,1.3,6.4,12.5,1.63,2.54
145,E0,06/12/2025,Tottenham,Brentford,2,0,2.4,3.6,3.15,1.9,2.08
146,E0,06/12/2025,Leeds,Liverpool,3,3,4.1,4.0,1.95,1.7,2.38
147,E0,07/12/2025,Brighton,West Ham,1,1,1.59,4.7,6.0,1.66,2.44
148,E0,07/12/2025,Fulham,Crystal Palace,1,2,2.68,3.4,2.94,2.18,1.82
149,E0,08/12/2025,Wolves,Man United,1,4,4.4,4.1,1.82,1.76,2.26
150,E0,13/12/2025,Chelsea,Everton,2,0,1.72,4.1,5.6,1.92,2.06
151,E0,13/12/2025,Liverpool,Brighton,2,0,1.73,4.4,5.0,1.58,2.66
152,E0,13/12/2025,Burnley,Fulham,2,3,4.1,3.6,2.04,2.12,1.87
153,E0,13/12/2025,Arsenal,Wolves,2,1,1.14,10.5,30.0,1.57,2.68
154,E0,14/12/2025,Crystal Palace,Man City,0,3,4.3,4.1,1.89,1.7,2.38
155,E0,14/12/2025,Nott'm Forest,Tottenham,3,0,2.7,3.45,2.88,2.06,1.91
156,E0,14/12/2025,Sunderland,Newcastle,1,0,3.5,3.4,2.32,2.04,1.93
157,E0,14/12/2025,West Ham,Aston Villa,2,3,3.85,3.7,2.08,1.92,2.04
158,E0,14/12/2025,Brentford,Leeds,1,1,2.02,3.75,4.1,1.95,2.02
159,E0,15/12/2025,Man United,Bournemouth,4,4,1.88,4.2,4.1,1.6,2.56
160,E0,20/12/2025,Newcastle,Chelsea,2,2,2.9,3.65,2.56,1.72,2.34
161,E0,20/12/2025,Bournemouth,Burnley,1,1,1.52,4.7,7.4,1.73,2.32
162,E0,20/12/2025,Brighton,Sunderland,0,0,1.69,4.2,5.7,1.87,2.12
163,E0,20/12/2025,Man City,West Ham,3,0,1.22,8.2,14.5,1.38,3.45
164,E0,20/12/2025,Wolves,Brentford,0,2,3.8,3.65,2.12,2.06,1.9
165,E0,20/12/2025,Tottenham,Liverpool,1,2,3.55,3.85,2.14,1.73,2.32
166,E0,20/12/2025,Everton,Arsenal,0,1,6.6,4.2,1.62,2.18,1.82
167,E0,20/12/2025,Leeds,Crystal Palace,4,1,2.76,3.4,2.9,2.14,1.86
168,E0,21/12/2025,Aston Villa,Man United,2,1,2.16,3.75,3.6,1.68,2.42
169,E0,22/12/2025,Fulham,Nott'm Forest,1,0,2.58,3.4,3.05,2.1,1.85
170,E0,26/12/2025,Man United,Newcastle,1,0,2.64,3.75,2.8,1.69,2.4
171,E0,27/12/2025,Nott'm Forest,Man City,1,2,5.8,4.6,1.63,1.7,2.38
172,E0,27/12/2025,Arsenal,Brighton,2,1,1.43,5.1,9.0,1.74,2.3
173,E0,27/12/2025,Brentford,Bournemouth,4,1,2.38,3.7,3.2,1.74,2.32
174,E0,27/12/2025,Burnley,Everton,0,0,4.2,3.45,2.1,2.28,1.72
175,E0,27/12/2025,Liverpool,Wolves,2,1,1.25,7.6,14.0,1.54,2.76
176,E0,27/12/2025,West Ham,Fulham,0,1,2.8,3.5,2.74,1.84,2.1
177,E0,27/12/2025,Chelsea,Aston Villa,1,2,1.92,4.0,4.3,1.74,2.28
178,E0,28/12/2025,Sunderland,Leeds,1,1,2.68,3.35,2.98,2.28,1.74
179,E0,28/12/2025,Crystal Palace,Tottenham,0,1,2.36,3.45,3.45,2.08,1.9
180,E0,30/12/2025,Burnley,Newcastle,1,3,5.9,4.3,1.65,1.87,2.12
181,E0,30/12/2025,Chelsea,Bournemouth,2,2,1.54,4.9,6.6,1.53,2.82
182,E0,30/12/2025,Nott'm Forest,Everton,0,2,2.2,3.3,4.0,2.42,1.69
183,E0,30/12/2025,West Ham,Brighton,2,2,3.65,3.9,2.1,1.73,2.32
184,E0,30/12/2025,Arsenal,Aston Villa,4,1,1.47,5.0,8.0,1.74,2.32
185,E0,30/12/2025,Man United,Wolves,1,1,1.39,5.5,9.4,1.66,2.48
186,E0,01/01/2026,Crystal Palace,Fulham,1,1,2.28,3.45,3.6,2.16,1.84
187,E0,01/01/2026,Liverpool,Leeds,0,0,1.57,4.7,6.6,1.65,2.5
188,E0,01/01/2026,Brentford,Tottenham,0,0,2.22,3.7,3.55,2.0,1.98
189,E0,01/01/2026,Sunderland,Man City,0,0,8.8,5.2,1.43,1.7,2.36
190,E0,03/01/2026,Aston Villa,Nott'm Forest,3,1,1.8,3.95,5.0,1.88,2.1
191,E0,03/01/2026,Brighton,Burnley,2,0,1.51,4.7,7.4,1.76,2.26
192,E0,03/01/2026,Wolves,West Ham,3,0,2.62,3.45,2.98,2.04,1.93
193,E0,03/01/2026,Bournemouth,Arsenal,2,3,6.6,5.1,1.53,1.7,2.38
194,E0,04/01/2026,Leeds,Man United,1,1,2.82,3.6,2.7,1.89,2.08
195,E0,04/01/2026,Everton,Brentford,2,4,2.5,3.3,3.25,2.32,1.74
196,E0,04/01/2026,Newcastle,Crystal Palace,2,0,1.72,4.1,5.3,1.84,2.1
197,E0,04/01/2026,Tottenham,Sunderland,1,1,1.86,3.85,4.8,2.1,1.86
198,E0,04/01/2026,Fulham,Liverpool,2,2,3.9,3.85,2.02,1.87,2.08
199,E0,04/01/2026,Man City,Chelsea,1,1,1.68,4.7,5.1,1.55,2.72
200,E0,06/01/2026,West Ham,Nott'm Forest,1,2,3.3,3.5,2.4,2.04,1.94
201,E0,07/01/2026,Bournemouth,Tottenham,3,2,2.2,3.8,3.45,1.78,2.24
202,E0,07/01/2026,Brentford,Sunderland,3,0,1.91,3.75,4.7,2.12,1.86
203,E0,07/01/2026,Crystal Palace,Aston Villa,0,0,3.3,3.45,2.42,2.0,1.97
204,E0,07/01/2026,Everton,Wolves,1,1,1.82,3.7,5.4,2.2,1.8
205,E0,07/01/2026,Fulham,Chelsea,2,1,3.7,3.8,2.12,1.85,2.14
206,E0,07/01/2026,Man City,Brighton,1,1,1.42,5.7,8.2,1.46,3.05
207,E0,07/01/2026,Burnley,Man United,2,2,5.4,4.2,1.73,1.82,2.18
208,E0,07/01/2026,Newcastle,Leeds,4,3,1.73,4.1,5.6,1.86,2.14
209,E0,08/01/2026,Arsenal,Liverpool,0,0,1.66,4.4,5.7,1.83,2.16
210,E0,17/01/2026,Man United,Man City,2,0,3.85,4.0,2.0,1.56,2.76
211,E0,17/01/2026,Chelsea,Brentford,2,0,1.77,4.1,5.1,1.69,2.42
212,E0,17/01/2026,Leeds,Fulham,1,0,2.26,3.45,3.65,2.12,1.87
213,E0,17/01/2026,Liverpool,Burnley,1,1,1.26,7.0,15.0,1.62,2.56
214,E0,17/01/2026,Sunderland,Crystal Palace,2,1,2.76,3.25,2.94,2.36,1.72
215,E0,17/01/2026,Tottenham,West Ham,1,2,1.78,4.1,5.0,1.8,2.2
216,E0,17/01/2026,Nott'm Forest,Arsenal,0,0,6.8,4.5,1.58,1.97,2.0
217,E0,18/01/2026,Wolves,Newcastle,0,0,4.8,4.2,1.77,1.72,2.34
218,E0,18/01/2026,Aston Villa,Everton,0,1,1.72,4.0,5.7,2.0,1.98
219,E0,19/01/2026,Brighton,Bournemouth,1,1,1.94,4.1,4.0,1.53,2.78
